CODIGO;DESCRIPCION;COSTO
826e9217;hasbropistola nerf ultra four;24
rd-6 826e9486;hasbro pistola elite comander;16
sd-1 826e9953;hasbro pistola elite volt;12
c-2822a;hasbro nerf ultra one 20 dart refill;9.6
e3278;hasbro monopoly juego tronos;32
a25745730;hasbro monopoly despicable;16
3012;gsm juego didactico lanza caþon + 5 aþos;9.6
e6937;hasbro baby alive;16
351108;capi cojin confort varios;8
rn-3006;gsm huanger guitarra;8
st10163;satelite juego de cartas;4
2303;nickeledeon paw patrol rubble ;9.6
f-2020;gsm maquina batidora para cocinar mixer;8
fx-39741;ara inc figuras de vinil rescue;9.6
m-1040;gsm juegos de herramientas 15;9.6
f-2013;gsm set de belleza tipo maleta con secadora;9.6
f-2014;gsm set de belleza tipo maleta con corona;9.6
27261;cardinal rompecabeza bolsa aviones;4
7549170000;hasbro my little pony cutie mark magic dlx;9.6
7473190001;hasbro my little pony cutie ultimate rarity;12
b2176;hasbro juego clasico PORANDO;24
215042;toy story set de muþecos woody;8
jg-0611;rigo toys tren de cars;4
m-1052;gsm disco de football;4
m-1053 789-15;gsm disco de football pequeþo;4
822851;yayo toys juguete didactico pulpo;52
2280;kreisel la ballena splash;12
1906275;peinadora dresser;24
9404;disney toy story buzz lightyear;16
f-2022;gsm maquina batidora con horno mixer;9.6
80921;disney frozen muelle de arendelle;12
tpt-812912;yayo toys carro de metal rd 2 piezas ;8
2024;gsm set de aspiradora y plancha dreamyousehold;4
2026;gsm mesa para planchar con plancha accesorios;16
5006;sam toys peluche henry;8
355021;capi fillmore mediano;9.6
356038;capi peluche capitan america;9.6
u-3011;gsm raquetas tipo guantes;8
tpt--824225;yayo toys maleta set de doctor de niþo;9.6
bb10034;satelite set de regalo 8 en 1 con tetero y chupones;9.6
rp-065;roliven juegos de escalera y serpientes;4
12811;ecologi set de piscina lentes y art didactico;8
12810;ecologi set de piscina careta y art didactico;8
42002;yayo toys arias muþeca ccolin;8
822922;ai rampa de caida libre con 1 carro;9.6
12806;ecology set de playa rosado morral;16
15-00121;ecology set de juguete de playa azul morral ;16
822851;yayos toys trompo musical con luces;9.6
388-21m yb201;bct carro happy go super speed;9.6
jg-1802;rigo toys set deportivo bate pelota item;9.6
v83;sam toys pingo ref box;16
1036030;capi delantal mediano animalitos;4
hwa641621;ordenador educatico 2 en 1 espaþol/english;9.6
1700b;kreisel sea attack batalla naval;16
ghk83;fisher price thomas/friend;16
813483;yayo toys muþeca bella dolls set 29 cm;12
800642;yayo toys muþeca 2 piezas de accesorios 26 cm;12
dl3006;muþeca soy luna;8
813085;yayo toys muþeca de piernas flexibles;12
2060;gsm muþeca xinbeier individual;16
638351;yayo toys muþeca bella 29 cm;16
xm121;gsm muþeca individual;16
xm118b;gsm muþeca niþera con accesorios;16
2061;gsm muþeca individual xinbeier;16
f14-zh8881a;gsm muþeca fashion girl 11.5;16
2010;at lanzador de burbujas grandes;16
e0571;hasbro hulk infinity war marvel;24
2027;froze lavadora;9.6
y5572;mattel max steel lanzador fuerza exo;9.6
tpy-815845;yayos splahs set de 5 piezas juego playa;4
patineta;patineta 4 ruedas;9.6
port-balon;set 3 doble porteria con balon;32
356046;capi peluche disney mickey dormilon 12;16
356010;capi peluche pooh;9.6
1168;capi tigger con pijama;9.6
356042;capi peluche disney pluto;9.6
356037;capi peluche marvel de iron man;9.6
604005;capi joyero 3 gavetas barbie;9.6
ffk34463;ara inc figura de vinil fortnite tower recon;9.6
fk34679;ara inc figura de vinil fortnite zoey;9.6
fx13767;ara inc figura de venil thor ragnarok loki;9.6
13417;disney barco pirata jake;32
666-103b;bct camioneta lanza dardos;32
7905;hasbro muþeca frozzen ii singing;24
rt-156;roliven alfombra musical infantil;9.6
e3610;hasbro capitana marvel;9.6
v3000;tamanaco balon de volleyball;16
bb-120;tamanaco pelota de beisbol de 8.5 piel;8
b0c7;tamanaco balon basket n 7;24
25.5;tamanaco balon basket mini;16
3521;hasbro power punch hulk con sonido;9.6
e4565;hasbro capitana marbel;12
avenger black;hasbro avengers titan hero black widow;9.6
beyblade;hasbro beyblade burst evolution swichtrike;4
titan hero;hasbro avengers titan hero groot;24
8539;hasbro muþeca frozenii anna con accesorios ;16
tab7fcv;tamanaco set triple accion;32
martillo;hasbro martillo  de thor;16
kr120575 / a8850;hasbromonopoly jr princesa sofia;16
scarletwich;hasbro figura averger scarlet witch;16
jg-1801;rigo toys set deportivo guante y pelota ;9.6
be8003;rigo toys set de belleza fashion girl;9.6
TPT-826105;MUîECAS;9.6
FB160N;FRISBE;4
FB160B;FRISBE;4
FB160M;FRISBE;4
