 COD. ARTICULO; NOMBRE DEL ARTICULO;PRECIO DE VENTA $
000IL139;PANTALON CABALLERO;15
000IL140;PANTALON CABALLERO;15
012013YE05;CHEMISE ESCOLAR;10
012015YE01;CHEMISE ESCOLAR;10
012015YE02;CHEMISE ESCOLAR;10
012015YE03;CHEMISE ESCOLAR;10
012015YE04;CHEMISE ESCOLAR;10
0162339BWHTF;CAMISA CABALLERO;5
02U0054;FALDA DAMA;4
082009YE04;CHEMISE ESCOLAR;10
988;PIJAMA LARGA ;6
1201;PANTALON ESCOLAR;17,5
13064;BLUSA DE DAMA ;5
13075;FRANELA DE CABALLERO ;9
14049;LEGGING DE DAMA;8
14054;BLUSA DE DAMA;7
14055;FRANELA DE CABALLERO ;8
14056;BLUSA DE DAMA ;3
14064;BLUSA DE DAMA ;3
14065;BLUSA DE DAMA ;3
14078;BRAGA DE DAMA ;10
15024;FRANELA DE CABALLERO ;9
15063;FRANELA DE DAMA ;5
15067;FRANELA DE DAMA ;5
15165;BLUSA DE DAMA;7
1531;PIJAMA CORTA ;4
16005;FRANELA DE CABALLERO ;9
16015;FRANELA DE CABALLERO ;9
16033;FRANELA DE CABALLERO ;9
16035;FRANELA DE CABALLERO ;8
16080;CHEMISE CABALLERO ;9
16081;FRANELA DE CABELLERO ;9
16082;CHEMISE DE CABALLERO ;9
16085;CHEMISE DE CABALLERO ;9
17026;FRANELA DAMA;7
17046;FRANELA DE CABALLERO ;10
17048;FRANELA DE CABALLERO ;10
17053;FRANELA DE CABALLERO ;10
17055;FRANELA DE CABALLERO ;8
17066;FRANELA DE CABALLERO ;10
17080;FRANELA DE CABALLERO ;12
17085;FRANELA DE CABALLERO ;8
18004;BLUSA DE DAMA ;5
18005;FRANELA DE DAMA ;3
18016;JOGGER DAMA;12
198;PANTALON JEANS CABALLERO ;20
200;PANTALON JEANS CLARO DE CABALLERO ;20
21090;SWEATER CABALLERO;20
21094;SWEATER DE DAMA;20
21095;JOGGER CABALLERO;16
22017;SWEATER MORGANA;14
22018;SWEATER;12
22019;KARDIGAN ;12
22023;LEGGING DE DAMA;7
22024;LEGGING DE DAMA;7
22026;LEGGING DE DAMA;8
22027;LEGGING DE DAMA;7
22029;LEGGIN DE DAMA;10
22031;LEGGIN DE DAMA;10
45201501BOY;PANTALON ESCOLAR;10
76019;PANTALON SURF DAMA ;4
BL2016ELIGMA;BLUSA DE DAMA ;4
CEM0001;PANTALON DAMA ;10
CEM0002;PANTALON DAMA BOTA ANCHA;12
CEM0003;FALDA DAMA;8
CEM0004;BRAGA DAMA;12
CEM0005;CAMISA DAMA;12
CEM0006;PANTALON DAMA;8
CEM0007;PANTALON DAMA NEGRO;12
CEM0008;PANTALON DAMA BLANCO;12
ECKFR;FRANELA CABALLERO ;5
FRJV2016ELIGSM1;FRANELA JUVENIL;4
FRJV2016ELIGSM2;FRANELA JUVENIL;4
IKE09;FRANELA TIRITA ;4
LB518BLUS;BLUSA DAMA;5
LB519BLUSMC;BLUSA DAMA;5
LT0813FML;FRANELA BEBE;3
LT201402FB;FRANELA BEBE ;4
LT201502;GORRO BEBE ;3
LT201504FP;PIJAMA ;4
LT201505;PIJAMA ;5
LT201507PJ;PANTALON JUVENIL ;5
LT201510;FRANELA NIÐA ;4
LT201510FB;FRANELA BEBE;3
LT201514FB;FRANELA BEBE;4
LT201516P;PANTALON MONO ;4
LT201611CMSC;CAMISETA CABALLERO;4
LT201611FPCB;FRANELA CABALLERO;5
LT201611FPCR;FRANELA CABALLERO ;4
LT201611FPCRL;FRANELA CABALLERO;5
LT201611FPCV;FRANELA CABALLERO;5
LT201611FPD3/4;FRANELA DAMA 3/4;5
LT201611FRDC;FRANELA DAMA;5
LT201611SWCT;SWEATER CABALLERO;5
LT201612;SHORT NIÐO;4
LT2016121PMB;MONO BEBE;5
LT2016122BOX;BOXER CABALLERO;4
LT2016122FMCB;FRANELA CABALLERO;4
LT2016122FSMD;FRANELA DAMA;4
LT201612BOX;BOXER NIÐO;4
LT201612FSD;FRANELA DAMA;4
LT25201602BB;BABERO BEBE;4
LT25201602LPN;LEGGING NIÐA;4
LT25201602MN;MONO NIÐA;4
LT25201602SHB;SHORT BEBE;4
LT25201602SWD;SWEATER DAMA;4
LT25201603FMCPD;FRANELA DAMA;4
LT25201603FMLA;FRANELA NIÐA;5
LT25201604BSM;BLUSA DAMA;4
LT25201604BTBSM;BLUSA DAMA;6
LT25201604FMLO;FRANELA NIÐA;4
LT25201604FMLPD;FRANELA DAMA;4
LT25201604FMPB;FRANELA BEBE;4
LT25201604FTD;FRANELA TIRITA PARA DAMA;5
LT25201604TOPD;TOP DAMA;4
LT25201605FPCES;FRANELA CABALLERO;4
LT25201605SHNA;SHORT NIÐA;4
LT25201606BOXS;BOXER CABALLERO;4
LT25201608MPC;MONO CABALLERO;4
LT25201609MPDP;PANTALON MONO DAMA;4
LT25201609SWN;SWEATER NIÐA;5
LT52010619CN1;FRANELA NIÐO;4
LT5201602BB;BABEROS;4
LT5201602FB;FRANELA BEBE ;4
LT5201602G;GORRO BEBE ;3
LT5201602PMB;PANTALON MONO BEBE;4
LT5201602SWN;SWEATER NIÐA ;5
LT5201604FC1;FRANELA CABALLERO;5
LT5201604FJ1;FRANELA JUVENIL;5
LT5201604FML1;FRANELA JUVENIL;5
LT5201605BOX1;BOXER NIÐO;4
LT5201605BOXA1;BOXER NIÐA;4
LT5201605BOXC1;BOXER CABALLERO;4
LT52016066PMMA1;MONO NIÐO;4
LT5201606LPB;LEGGING BEBE;4
LT5201606PMM1;MONO NIÐA;5
LT5201606PMN1;MONO N;5
LT5201606PMNA1;PANTALON MONO P/NIÐA;5
LT5201606PNJN;MONO PIJAMA NIÐO;4
LT5201611FMLC1;FRANELA CABALLERO;4
LT5201611FSM1;FRANELA CABALLERO;5
LT5201611MBOX1;MONO BOXER CABALLERO;4
LT5201612BBP;BABERO;4
LT5201617FSD;FRANELA DAMA;5
LT5201617G;GORRO BEBE ;3
LT5201617SHC;SHORT CABALLERO ;5
LT52016180NTC;INTERIOR CABALLERO ;4
LT5201618INTC;INTERIOR NIÐO;4
LT5201619CN1;CAMISETA NIÐO;5
LT5201620BOX1;BOXER NIÐO;4
LT5201621PN1;MONO;4
LT5201623PANT1;PANTALETA NIÐA;4
LT5201623PANTD;PANTALETA  DAMA;3
LT5201624;BLUSA DE DAMA ;5
LT5201625TOP;TOP DE DAMA ;4
LT520168CHB1;CHAQUETA BEBE;4
LTBR005SHO;SHORT DAMA;4
MIXLADIESFALD;FALDA DAMA;4
MMT501;FRANELA CABALLERO;5
MT501;FRANELA CABALLERO ;5
MT521FRCD;FRANELA CABALLERO;6
ROPADEVB;PAÐOLETAS;3
RS2017408;CHEMISE DAMA;5
SECKFR;FRANELA CABALLERO ;4
SLT201505;PIJAMA ;3
SLT201515SHC;SHORT CABALLERO ;3
SLT5201602FB;FRANELA BEBE;3
TB506;FRANELA NIÐO;4
X01S0833;BLUSA DAMA;3
YEN15200LBL;BLUSA DAMA;4
YEN15200PK;CHEMISE NIÐO;5
YEN15200TB;FRANELA NIÐO;5
YEN15200VB;FRANELA NIÐO;5
YEN163011NIC;BLUSA DE DAMA ;5
YEN16301LB1;BLUSA DE DAMA ;4
YEN16301LB6;BLUSA DE DAMA ;5
826e9217;hasbropistola nerf ultra four;33
rd-6 826e9486;hasbro pistola elite comander;41
sd-1 826e9953;hasbro pistola elite volt;21
1000179;hasbro nerf ultra one 20 dart refill;21
1000180;hasbro monopoly juego tronos;33
a25745730;hasbro monopoly despicable;25
3012;gsm juego didactico lanza ca±on + 5 a±os;13
e6937;hasbro baby alive;41
351108;capi cojin confort varios;9
rn-3006;gsm huanger guitarra;11
st10163;satelite juego de cartas;5
2303;nickeledeon paw patrol rubble ;17
f-2020;gsm maquina batidora para cocinar mixer;9
fx-39741;ara inc figuras de vinil rescue;17
m-1040;gsm juegos de herramientas 15;9
27261;cardinal rompecabeza bolsa aviones;7
1000192;hasbro my little pony cutie mark magic dlx;9
1000193;hasbro my little pony cutie ultimate rarity;17
215042;toy story set de mu±ecos woody;9
2280;kreisel la ballena splash;15
1906275;peinadora dresser;63
1000197;disney frozen muelle de arendelle;15
tpt-812912;yayo toys carro de metal rd 2 piezas ;3
2024;gsm set de aspiradora y plancha dreamyousehold;9
5006;sam toys peluche henry;17
355021;capi fillmore mediano;17
tpt--824225;yayo toys maleta set de doctor de ni±o;13
bb10034;satelite set de regalo 8 en 1 con tetero y chupones;4
12811;ecologi set de piscina lentes y art didactico;12
12810;ecologi set de piscina careta y art didactico;12
42002;yayo toys arias mu±eca ccolin;34
12806;ecology set de playa rosado morral;18
15-00121;ecology set de juguete de playa azul morral ;18
822851;yayos toys trompo musical con luces;5
v83;sam toys pingo ref box;25
1036030;capi delantal mediano animalitos;3
hwa641621;ordenador educatico 2 en 1 espa±ol/english;18
1700b;kreisel sea attack batalla naval;14
ghk83;fisher price thomas/friend;35
813483;yayo toys mu±eca bella dolls set 29 cm;8
800642;yayo toys mu±eca 2 piezas de accesorios 26 cm;8
813085;yayo toys mu±eca de piernas flexibles;14
638351;yayo toys mu±eca bella 29 cm;6
2010;at lanzador de burbujas grandes;20
e0571;hasbro hulk infinity war marvel;21
y5572;mattel max steel lanzador fuerza exo;24
tpy-815845;yayos splahs set de 5 piezas juego playa;6
1000223;patineta 4 ruedas;12
1000224;set 3 doble porteria con balon;75
356046;capi peluche disney mickey dormilon 12;20
356010;capi peluche pooh;7
1168;capi tigger con pijama;10
356042;capi peluche disney pluto;18
356037;capi peluche marvel de iron man;13
604005;capi joyero 3 gavetas barbie;13
ffk34463;ara inc figura de vinil fortnite tower recon;12
fk34679;ara inc figura de vinil fortnite zoey;17
fx13767;ara inc figura de venil thor ragnarok loki;17
13417;disney barco pirata jake;112
666-103b;bct camioneta lanza dardos;58
7905;hasbro mu±eca frozzen ii singing;41
e4565;hasbro capitana marbel;17
1000238;hasbro beyblade burst evolution swichtrike;25
tab7fcv;tamanaco set triple accion;41
TPT-826105;MUÐECAS;8
