codigo_ims;ARTICULO;COSTO;DESCUENTO;PRECIO
1;CATALOGO;1;20;1
1-2022;CATALOGO 2022;1;20;1
102;SET DE 2 REFRACTARIOS CUADRADOS;17;20;24
104;SET DE ENSALADERAS C/TAPA Y UTENSILIOS;1;20;24
109;JUEGO DE JARRA CON 6 VASOS ORION;0.1;20;12
111;VAJILLAS DE 20 PZAS PORCELANA IMPORTADA;3;20;48
116;BANQUETA PLASTICA PLEGLABLE;6;20;12
123;VAJILLA PLASTICA DE 12 PZAS;6.26;20;15
124;TORTERA GRANDE NICOLOSO;4;20;9
1260;JUEGO DE CUBIERTOS DE 24PZAS EN ACERO CON MALETIN;13.5;20;25
127;ASADOR DE AREPA DE ALUMINIO;4;20;9
130;JUEGO COLADOR DE CAFE;8.1;20;12
13269;JUEGO DE OLLAS 7 PZAS EUROCHEF;20;20;25
133;JUEGO DE OLLAS CARIBE 9 PIEZAS ALUMINIO;11;20;24
141;"VENTILADOR HURACAN METALICO SUJOYA 18""";17.62;20;31.25
142;"VENTILADOR HURACAN PLASTICO  18""";19;20;25
150;LICUADOR CROMADA SUJOYA;24;20;48
153;SARTEN 20 CM ANTIADHERENTE;2;20;9
156;JUEGO DE TRES SARTENES ALUBAT;14;20;30
15760;OLLA DE PRESION 6 LTS SUJOYA;23;20;28.8
159;BANDEJA PARA PONQUE;2;20;6
164;SARTEN ELECTRICO HOLSTEN;23;20;48
166;LICUADORA HOLSTEIN V/VIDRIO 2 VEL;21;20;42
172;CAFETERA 12 TZS C/FILTRO PERMANENTE;17;20;30
174;BATIDORA DE MANO 5 VEL, HOLSTEIN NEGRA;10;20;24
176;TOSTADOR DE PAN HOLSTEIN 2 REBANADS NGRA;17;20;36
177;BATIDORA DE MANO Y PEDESTAL DE 5 VEL 250V BOWL 2.7L;35;20;72
180;RALLADOR DE 6 CARAS;4;20;12
182;JUEGO DE UTENSILIOS DE 7 PIEZAS;11;20;21
185;JUEGO DE OLLAS MONDONGUERAS 9 PZA;23;20;48
186;JGO  DE OLLAS 10 PZAS ACERO INOX;31;20;60
187;OLLA DE PRESION DE 6 LITROS;25;20;48
188;OLLA GUISERA EXTRA FUERTE 12 LTS;24;20;42
191;ASPIRADORA DE MANO KALORIK C/EXT. DE PISO;107;20;192
196;PANINI EL?CTRICA ACERO INOX KALORIK;84;20;156
197;DESHIDRATADOR DE ALIMENTOS BLANCO KALORIK;52;20;96
198;HORNO FREIDOR DE 21 LITROS KALORIK;141;20;240
199;HORNO FREIDOR DE AIRE DE 12 LTS ACERO INOX.;80;20;156
211;SILLA DIRECTOR PLEGABLE;12.2;20;24
212;TABURETE DE MADERA PLEGABLE;4;20;12
22-101;SET REFRACTARIOS OVALADO C/TAPA YBANDEJA;19.85;20;36
22-102;JGO DE 3 REFRACTARIOS REDONDOS C/TAPA;21.08;20;36
22-103;SET DE 2 REFRACTARIOS OVALADO;17.55;20;30
22-104;REFRACTARIO REDONDO CON TAPA;5.61;20;12
22-105;SET DE 2 REFRACTARIOS REDONDOS CON TAPA;10.8;20;24
22-106;JUEGO DE VAJILLAS 16 PZAS ARTESANAL;20.61;20;48
22-107;JUEGO DE CONDIMENTERO CON BASE;18.63;20;36
22-108;JGO DE 4 REFRACTARIOS CON TAPA;23.85;20;42
22-109;SET DE JARRA CON 4 VASOS MULTICOLOR;4.46;20;12
22-110;JUEGO JARRA CON 6 VASOS ACANALADOS;6.9;20;18
22-111;JUEGO DE JARRA CON 6 VASOS TALLADOS;6.21;20;18
22-112;SET DE 6 VASOS CORTOS DE DISENO EN COLOR VERDE CAP 8 OZ;4.19;20;12
22-113;SET DE 4 VASOS TALLADOS ORION;4;20;9
22-114;JUEGO DE 12 VASOS GIRALDA;10.8;20;18
22-115;SET DE 5 CONSERVADORES DE VIDRIO CON TAPA;4.46;20;12
22-116;SET DE 3 CONSERVADORES REFRACTARIO CON TAPA;4.14;20;12
22-117;JARRA PLASTICA JUMBO 4 LTS;3.26;20;9
22-118;SET DE 3 CONSERVADORES CUADRADOS TUNDRA CON TAPA HERMETICA;6.21;20;12
22-119;SET DE 6 CONSERVADORES TUNDRA CUADRADOS CON TAPA;4.86;20;12
22-120;SET DE 5 CONSERVADORES REDONDOS CON TAPA HERMETICA;4.74;20;12
22-121;SET COMBO PICNIC (4PLATOS FLORAL + 1CONSERVADOR + 1BOWL);4.11;20;15
22-122;CONSERVADOR CIERRE HERMETICO 5 PZAS.;3.38;20;9
22-123;JUEGO DE 3 CONSERVADORES RECTANGULARES;3.38;20;9
22-124;JUEGO DE 2 POTES DE COCINA MULTIUSO;3.56;20;9
22-125;JUEGO DE 3 CONSERVADORES REDONDOS;3.56;20;9
22-126;JUEGO DE 3 CONSERVADORES CON JARRA;4.95;20;12
22-127;CESTA RECTANGULAR MULTIUSO;2.31;20;9
22-128;BATEA MULTIUSO;4.46;20;6
22-129;PLANCHA A VAPOR ANTIADHERENTE OSTER;7.68;20;24
22-130;ABRELATAS ELECTRICO VIDA MIA CON AFILADOR;10.46;20;24
22-131;Escurridor de Cubiertos FormeCasa en varios Colores;9.9;20;18
22-132;Escurridor de Platos FormeCasa en varios colores;13.41;20;27
22-133;Porta Rollo Regulable FormeCasa;9;20;24
22-134;Tortera con Tapa FormeCasa;19.5;20;30
22-135;Panera FormeCasa;29.9;20;48
22-136;Exprimidor de CItricos FormeCasa en Varios Colores;10;20;21
22-137;SET DE 3 CONTENEDORES CON TAPA DE SILICONA FORME CASA;13.41;20;27
22-138;FREIDORA DE AIRE HOLSTEIN DE 5.5 LITROS EN ACERO INOXIDABLE SUPER ESPACIOSA;89.1;20;156
22-139;FREIDORA DE AIRE HOLSTEIN DE 3.5 LTS 1.200 WATTS DE POTENCIA;51.75;20;84
22-140;FREIDORA DE AIRE HOLSTEIN CON MINI SARTEN ELECT 4.5 LTS NEGRA;62.55;20;108
22-141;TOSTY AREPA ROJO HOLSTEN;24.3;20;60
22-142;TOSTY AREPA NEGRO HOLSTEN;24.3;20;57
22-143;WAFLERA GIRATORIA 180 POTENCIA 1.000 WATTS DIAMETRO 18 CMS;30.83;20;54
22-144;WAFLERA ESTILO AMERICANO DIAMETRO 18 CMS CON TEMPORIZADOR;24.95;20;42
22-145;PANINI GRILL DE 2 PUESTOS APERTURA 18O EN ACERO INOX;26.1;20;60
22-146;PANINI GRILL 4 PUESTO + 180 GRADOS, HOLSTEIN;44.1;20;90
22-147;SANDWICHERA MAKER HOLSTEIN 2 PANES NGRA;20.83;20;36
22-148;SANDWICHERA HOLSTEIN 2 CAV 3EN1 NEGRA;23.45;20;48
22-149;COTUFERA POP MAKER KIT C/RECIPIENTE;25.62;20;42
22-150;CAFETERA PROGRAMABLE DE 12 TAZAS, HOLSTEIN;24.08;20;48
22-151;LICUADORA PERSONAL HOLSTEIN 200 WATTS DE POTENCIA CUCHILLAS CRUZADAS;20.66;20;42
22-152;SARTEN ELECTRICO 28 CMS CUADRADO TAPA DE VIDRIO REFRACTARIA;19.22;20;48
22-153;SARTEN ELECTRICO 1400W 11 PULG (28CM), HOLSTEIN ANTIADHERENTE ESPECIAL;19.8;20;42
22-154;Parrillera ElEctrica de 32 CM , 1000 WATTS, ANTIADHERENTE ESPECIAL, MANGO FRIO;29.48;20;54
22-155;COCINA DE DOS HORNILLAS HOLSTEIN NEGRA EXTRA FUERTE;15;20;33
22-156;COCINA DOS HORNILLA HOLSTEIN CROMADA EXTRA FUERTE;13.5;20;33
22-157;OLLA SANCOCHERA 32 CM+3 CUCHILLOS FRUTEROS;12.96;20;30
22-158;OLLA SANCOCHERA 30 CM+3 CUCHILLOS FRUTEROS;12.6;20;27
22-159;SARTEN NICOLOSO 24 CM + 3 CUCHILLOS FRUTEROS;6;20;9
22-160;COLADOR DE CAFE, POCILLO Y AZUCARERA CON TAPA +3 CUCHILLOS FRUTEROS;8.1;20;18
22-161;JGO DE OLLAS DE ALUMNIO 10 PZAS + 3 CUCHILLOS FRUTEROS S/COLADOR;14.58;20;33
22-162;JUEGO DE OLLA DE ALUM 10 PZS S/COLADOR ASA NEGRA.+ 3 CUCHILLOS FRUTEROS;19.35;20;42
22-163;JUEGO DE OLLAS ALUMINIO 14 PIEZAS+ 3 CUCHILLOS FRUTEROS;31.41;20;54
22-164;JUEGO DE OLLAS DE ALUMINIO 10 PZAS ASAS DE BAQUELITA 14/22 + 3 CUCHILLOS FRUTEROS;22.05;20;48
22-165;BANDEJA DE ALUMINIO RECTANGULAR 40 + 3 CUCHILLOS FRUTEROS;8.1;20;18
22-166;BANDEJA DE ALUMINIO RECTANGULAR #36+ 3 CUCHILLOS FRUTEROS;6.21;20;15
22-167;BANDEJA DE ALUMINIO RECTANGULAR #30 + 3 CUCHILLOS FRUTEROS;4.5;20;12
22-168;BANDEJA DE ALUMINIO RECTANGULAR #26 + 3 CUCHILLOS FRUTEROS;3.6;20;9
22-169;JUEGO DE OLLAS DE ALUMINIO 6 PIEZAS 14/16/20 + 3 CUCHILLOS FRUTEROS;12.51;20;24
22-170;JUEGO DE OLLAS DE ALUMINIO 6 PZA TAPA ROJA + 3 CUCHILLOS FRUTEROS;14.4;20;30
22-171;PAELLERA DE ALUMINIO+ 3 CUCHILLOS FRUTEROS;5.4;20;12
22-172;BANDEJA PARA PIZZA + 3 CUCHILLOS FRUTEROS;4.05;20;9
22-173;SET DE 4 PAILAS DE ALUMINIO+ 3 CUCHILLOS FRUTEROS;11.7;20;21
22-174;SET DE 2 SARTENES MIRRO;9;20;18
22-175;JUEGO DE OLLAS 5 PIEZAS MIRRO;20.7;20;48
22-175-R;JUEGO DE OLLAS 5 PZAS - MIRRO;18;20;30
22-176;SARTEN MIRRO #22;5.4;20;12
22-177;SARTEN 26 CM ANTIADHERENTE;7.68;20;18
22-178;SARTEN 24 CM ANTIADHERENTE;6.77;20;15
22-179;PLANCHA  ASADORA;4.55;20;18
22-180;SARTEN FAMILIAR;7.4;20;15
22-181;BANDEJA RECTANGULAR ANTIADHERENTE 36 CM;10.8;20;24
22-182;BANDEJA RECTANGULAR ANTIADHERENTE 30 CM;9;20;18
22-183;BANDEJA RECTANGULAR ANTIADHERENTE 26 CM;8.01;20;15
22-184;JUEGO DE OLLA PRACTICO 4 PIEZAS GRIS MARTILLADO;21.9;20;36
22-185;PAELLERA ANTIADHERENTE #28 GRIS MARTILLADO;14.4;20;30
22-186;SARTEN DOBLE TORTILLERO GRIS MARTILLADO;11.66;20;27
22-187;SARTEN FAMILIAR #26 ANTIADHERENTE AMARILLO MARTILLADO;7.65;20;15
22-188;PAILA ANTIADHERENTE #18;4.05;20;9
22-189;SET REPOSTERO (QUESILLERA CON TAPA ANTIADHERENTE + TORTERA) 3 CUCHILLOS FRUTEROS;19.35;20;36
22-190;JUEGO DE OLLAS 4 PIEZAS ANTIADHERENTE;19.35;20;42
22-191;JUEGO DE OLLA 5 PIEZAS DE LUJO EXTRA FUERTE;32.4;20;60
22-191-R;JUEGO DE OLLAS 5PZA LUJO EXTRA FUERTE;27;20;40
22-192;SARTEN DOBLE TORTILLERO ROJO MARTILLADO;11.7;20;27
22-193;PAELLERA ANTIADHERENTE EXTRAFUERTE VINOTINTO;17.91;20;36
22-194;BUDARE CON ASA ANTIADHERENTE ACANALADO;8.01;20;18
22-195;OLLA DE PRESION SUJOYA DE 6 LITROS;26.96;20;36
22-196;COLADOR DE PASTA ACERO INOXIDABLE;4.36;20;9
22-197;OLLA ESPAGUETERA ACERO INOXIDABLE;15.43;20;27
22-198;BATIDORA DE MANO 5 VELOCIDADES 250W SUJOYA;9.9;20;21
22-199;BATIDORA DE INMERSION 3 EN 1 300W SUJOYA;17.96;20;30
22-200;BATIDORA DE PEDESTAL 5 VELOCIDADES 250W SUJOYA;15.26;20;30
22-201;BATIDORA PROFESIONAL SUJOYA MOD ARCHITEC 660W BOWL ACERO, PLATEADO;95;20;156
22-202;BATIDORA DE PEDESTAL SUJOYA ARQUITEC NEGRA;80.1;20;156
22-203;BATIDORA DE PEDESTAL SUJOYA ARQUITEC GRIS;80.1;20;156
22-204;CARRITO COTUFERO SUJOYA DISE?O FESTIVO;23.85;20;48
22-205;SANDWICHERA GRILL DISE?O GRANDE 4 PANES;21.6;20;48
22-206;"VENTILADOR TURBO BOX SUJOYA 20""";38.88;20;54
22-207;"VENTILADOR MINI HURACAN 10""";12.6;20;21
22-208;COCINA ELECTRICA DE 2 HORNILLAS;6.3;20;18
22-209;COCINA ELECTRICA 1 HORNILLA 1000W;5.36;20;12
22-210;SARTEN ELECTRICO/HORNO PIZZA 30CM DIAM. 1500W;14.36;20;30
22-211;PESO ELECTRONICO DE 40KG-5G-LCD-110V;21.51;20;36
22-212;PESO DE BA?O DIGITAL SUJOYA GLASS;9.68;20;18
22-213;BALANZA DE COCINA DIGITAL SUJOYA 10KG;3.56;20;9
22-214;BALANZA DE COCINA MECANICA SUOJYA 5 KG;2.7;20;6
22-215;LICUADORA PLASTICA SUJOYA C/PICADOR;12.92;20;24
22-216;ASADOR DE EMPANADAS SUJOYA;9;20;15
22-217;MOLDE PARA TORTAS O PONQUE #30+ 3 CUCHILLOS FRUTEROS;8.02;20;21
22-218;MOLDE PARA TORTAS O PONQUE #26 + 3 CUCHILLOS FRUTEROS;9;20;18
22-219;MOLDE PARA TORTAS O PONQUE #+ 3 CUCHILLOS FRUTEROS22;8.1;20;15
22-220;FABRICA DE QUESILLO TORTERA + 8 QUESILLERAS 8 + 1 QUESERA 14  + 3 CUCHILLOS FRUTEROS;21.51;20;36
22-221;SET DE 4 TORTERAS REDONDAS+ 3 CUCHILLOS FRUTEROS;26.01;20;48
22-222;KIT DE REPOSTERIA 12 PIEZAS;22.5;20;36
22-223;SET REPOSTERO DE 3 TORTERAS CON QUESILLERA+ 3 CUCHILLOS FRUTEROS;24.21;20;42
22-224;BANDEJA CUADRADA;2.57;20;6
22-225;BANDEJA PARA PIE;2.31;20;6
22-226;REBANADORA ESTILO PROFESIONAL NEGRA KALORIK;67.5;20;132
22-227;MINI PROCESADOR DE ALIMENTOS KALORIK NEGRO;9;20;18
22-228;MINI PROCESADOR DE ALIMENTOS KALORIK BLANCO;9;20;18
22-229;HORNO FREIDOR DE AIRE 25L MULTIFUNCION DIGITAL DISE?O PUERTAS FRANCESAS;220.8;20;276
22-230;WAFLERA DOBLE EN ACEROINOX C/NEGRO KALORIK;28.8;20;54
22-231;OLLA DE PRESION ELECTRICA Y ACERO INOX. 6L;44.1;20;84
22-232;COCINA ELECTRICA MARCA KALORIK;32;20;48
22-233;BALANZA DIGITAL KALORI NEGRA CON MEDIDOR DE GRASA CORPORAL;12.51;20;30
22-234;PESO DIGITAL ROJO PANTALLA LCD 5 KILOS PLATO EN ACERO;9;20;24
22-235;PESO DIGITAL NEGRO PANTALLA LCD 5 KILOS PLATO EN ACERO;9;20;24
22-236;PLANCHA A VAPOR CON SUELA ANTIADHERENTE KALORIK ROJA;9.86;20;18
22-237;PLANCHA A VAPOR CON SUELA ANTIADHERENTE KALORIK AZUL;9.86;20;18
22-238;PLANCHA A VAPOR CON SUELA ANTIADHERENTE KALORIK MORADA;9.86;20;18
22-239;JUEGO DE CUBIERTOS DE 24 PIEZAS EN ACERO INDACER EXTRA FUERTES;15.21;20;27
22-240;PLATERA DE 3 NIVELES;11.7;20;24
22-241;PLATERA DE 2 NIVELES;9;20;18
22-242;TACO CON 6 CUCHILLOS;4.95;20;12
22-243;SET DE 7 CUCHILLOS CON BASE ESTRELLA;17.35;20;30
22-244;SET DE CUCHILLOS CON BASE ACRILICA 6 PIEZAS;16.38;20;33
22-245;Termo Barril Tundra de 22 Lts con Filtro;33.75;20;48
22-246;TERMO TUNDRA DE 9 LITROS;17.96;20;30
22-247;TERMO TUNDRA DE 7.5 LITROS;10.8;20;21
22-248;TERMO TUNDRA DE 38 LITROS (10 GALONES);36.86;20;60
22-249;COMBO PERSONAL TUNDRA;10.49;20;24
22-250;Cava Tundra Classic 6L;8.96;20;18
22-251;Termo Tundra PrActico 1.25 Lts;3.56;20;6
22-252;COMBO PLAYERO TUNDRA;4.05;20;9
22-253;Set de 8 Vasos Tundra Spring libres de BPA y de alta resistencia;3.15;20;6
22-254;COMBO VIAJERO TUNDRA;8.96;20;18
22-255;CAVA TUNDRA CLASSIC 60L;62.78;20;78
22-256;CAVA TUNDRA CLASICA DE 30 LITROS;35.55;20;48
22-257;CAVA TUNDRA CLASICA DE 14 LITROS;19.71;20;39
22-258;CAVA DELUX TUNDRA 41 LITROS TIPO MALETA GRIS CON NARANJA;59.95;20;96
22-258;CAVA DELUX TUNDRA 41 LITROS TIPO MALETA.;59.95;20;96
22-258;CAVA DELUX TUNDRA 41 LITROS TIPO MALETA GRIS CON NARANJA;59.95;20;96
22-259;CAVA DELUX TUNDRA 20 LITROS (GRIS);35.55;20;48
22-260;CAVA DELUX TUNDRA 8 LITROS;17.96;20;30
22-261;CAVA TUNDRA MODELO CAIMAN 50 LITROS.;62.78;20;96
22-261;CAVA TUNDRA MODELO CAIMAN 50 LITROS.;62.78;20;96
22-262;COLCHON INFLABLE GRANDE;25.43;20;48
22-263;"CAJA DE HERRAMIENTAS 16""";8.1;20;12
22-264;REGLETA DE 6 TOMAS;10.77;20;15
22-265;TALADRO TIPO MARTILLO;45.89;20;72
22-266;ORGANIZADOR DE CALZADO;10.13;20;24
22-267;SET DE JARDIN CON BOLSO;7.47;20;15
22-268;DELANTAL DE JARDIINERIA CON HERRAMIENTAS;4.64;20;12
22-269;PORTA CHAMPU;3.83;20;12
22-270;PORTA CHAMPU YUMBO;5.36;20;15
22-271;COCINA DE 4 HORNILLAS A GAS;48.51;20;84
22-272;COCINA DE 2 HORNILLAS A GAS;26.01;20;48
22-273;COCINA DE 1 HORNILLA A GAS;16.95;20;30
22-274;FOGON DE 1 QUEMADOR;19.71;20;42
22-275;FOGON DE 2 QUEMADORES;42.5;20;78
22-276;PARRILLERA DOBLE;4.49;20;12
22-277;PARRILLERA A CARBON CON PATAS;22.64;20;48
22-278;TABURETE PLEGABLE;5.76;20;15
22-279A;TAZON DE SILICON ANTIDERRAMES + CUCHARA LILA;14;20;24
22-279B;TAZON DE SILICON ANTIDERRAMES + CUCHARA AZUL CLARO;14;20;24
22-279C;TAZON DE SILICON ANTIDERRAMES + CUCHARA AZUL INTENSO;12.6;20;24
22-279D;TAZON DE SILICON ANTIDERRAMES + CUCHARA ROSADO;14;20;24
22-280A;BABERO DE SILICON CON BOLSILLO PARA RESIDUOS ROSA;8.1;20;18
22-280B;BABERO DE SILICON CON BOLSILLO PARA RESIDUOS GRIS;9;20;18
22-280C;BABERO DE SILICON CON BOLSILLO PARA RESIDUOS AZUL;8.1;20;18
22-280D;BABERO DE SILICON CON BOLSILLO PARA RESIDUOS LILA;8.1;20;18
22-281A;PLATO DE SILICON DE 3 COMPARTIMIENTOS LILA;14;20;24
22-281B;PLATO DE SILICON DE 3 COMPARTIMIENTOS ROSA;14;20;24
22-281C;PLATO DE SILICON DE 3 COMPARTIMIENTOS AZUL CLARO;14;20;24
22-281D;PLATO DE SILICON DE 3 COMPARTIMIENTOS AZUL GRIS;14;20;24
22-281E;PLATO DE SILICON DE 3 COMPARTIMIENTOS ROSA VIEJO;14;20;24
22-281F;PLATO DE SILICON DE 3 COMPARTIMIENTOS AZUL INTENSO;12.6;20;24
22-282A;RASCAENCIAS MORDEDOR LILA;8;20;15
22-282B;RASCAENCIAS MORDEDOR VERDE;8;20;15
22-282C;RASCAENCIAS MORDEDOR ROSA;8;20;15
22-282D;RASCAENCIAS MORDEDOR NARANJA;8;20;15
22-282E;RASCAENCIAS MORDEDOR GRIS;8;20;15
22-283;SET DE 5 BOLSAS DE SILICON;12;20;18
22-284A;VAJILLA INFANTIL DE SILICON (PLATO + TAZON + VASO + CUBIERTO) AZUL INTENSO;25;20;42
22-284B;VAJILLA INFANTIL DE SILICON (PLATO + TAZON + VASO + CUBIERTO) GRIS;25;20;42
22-284C;VAJILLA INFANTIL DE SILICON (PLATO + TAZON + VASO + CUBIERTO) ROSA;22.5;20;42
22-284D;VAJILLA INFANTIL DE SILICON (PLATO + TAZON + VASO + CUBIERTO) LILA;25;20;42
22-285A;SET DE 4 CUCHARAS DE SILICON COLORES PASTELES;12;20;18
22-285A;SET DE 4 CUCHARAS DE SILICON COLORES PASTELES;12;20;18
22-285B;SET DE 4 TENEDORES DE SILICON COLORES PASTELES;12;20;18
22-285B;SET DE 4 TENEDORES DE SILICON COLORES PASTELES;12;20;18
22-286A;SET DE CUCHARA Y TENEDOR DE ENTRENAMIENTO GRIS;8;20;15
22-286B;SET DE CUCHARA Y TENEDOR DE ENTRENAMIENTO ROSA;8;20;15
22-286C;SET DE CUCHARA Y TENEDOR DE ENTRENAMIENTO VERDE;8;20;15
22-286D;SET DE CUCHARA Y TENEDOR DE ENTRENAMIENTO AZUL;8;20;15
22-287;POTES NAVIDENOS REDONDOS CON BASE;5.19;20;12
22-288;VAJILLA NAVIDENA DE 40 PIEZAS LUJO INCLUYE VASOS Y CUBIERTOS;31.85;20;54
22-289;VAJILLA NAVIDENA DE 60 PIEZAS DE LUJO INCLUYE VASOS Y CUBIERTOS;44.79;20;78
22-290;POTES NAVIDENOS CUADRADOS CON BASE;5.19;20;12
22-291;ESPATULA RASPADOR MANGO ROJO Y CABEZA DE ACERO INOXIDABLE;7.95;20;18
22-292;RUEDA CORTADORA DE PIZZA CON TACTO SUAVE NEGRA;11.95;20;18
22-292;RUEDA CORTADORA DE PIZZA CON TACTO SUAVE NEGRA;11.95;20;18
22-293;COLADOR MANGO ROJO MALLA ACERO INOX Y CON BORDE NYLON NEGRO;9.81;20;24
22-294;CUCHARA ESPATULA SILICONA ROJA;7.16;20;15
22-295;CUCHARA MADERA DE CEREZO;6.75;20;12
22-296;ESPATULA MADERA DE CEREZO;7.5;20;12
22-297;ESPATULA RASPADORA;4.95;20;9
22-298;ESPATULA CUCHARA DE SILICONA MADERA DE CEREZO;5.5;20;9
22-299;ESPATULA MEZCLADORA;4.95;20;9
22-300;KIT DE UTENSILIOS KITCHE;28.35;20;72
22-301;CUCHARA RANURADA KITCHEN AID CABEZA DE  NYLON NEGRA;6.9;20;12
22-301;CUCHARA RANURADA KITCHEN AID CABEZA DE  NYLON NEGRA;6.9;20;12
22-302;CUCHARON ESCURRIDOR EN ACERO INOXIDABLE ROJO;10.9;20;18
22-302;CUCHARON ESCURRIDOR EN ACERO INOXIDABLE ROJO;10.9;20;18
22-303;MACHACADOR MANGO ROJO Y CABEZA DE ACERO INOXIDABLE;6.84;20;15
22-303;MACHACADOR MANGO ROJO Y CABEZA DE ACERO INOXIDABLE;6.84;20;15
22-304;ESPATULA SOLIDA MANGO ROJO Y CABEZA DE NAYLON NEGRO;6.5;20;12
22-304;ESPATULA SOLIDA MANGO ROJO Y CABEZA DE NAYLON NEGRO;6.5;20;12
22-305;EURO PELADOR VERTICAL CLASICO TALLA UNICA NEGRO;7.16;20;12
22-305;EURO PELADOR VERTICAL CLASICO TALLA UNICA NEGRO;7.16;20;12
22-306;PELADOR HORIZONTAL DE VERDURAS CLASICO NEGRO;7.16;20;12
22-306;PELADOR HORIZONTAL DE VERDURAS CLASICO NEGRO;7.16;20;12
22-307;PRENSA DE AJO CLASICA ROJA;7.07;20;18
22-308;RALLADOR ZESTER CLASICO;10.9;20;18
22-309;RALLADOR CLASICO KITCHE;7.85;20;18
22-310;ESPATULA VOLTEADORA CLASICA MANGO ROJO CABEZA DE NYLON KA;6.5;20;12
22-310;ESPATULA VOLTEADORA CLASICA MANGO ROJO CABEZA DE NYLON KA;6.5;20;12
22-311;TIJERAS DE COCINA MULTIUSOS;7.16;20;18
22-312;SET DE 4 TAZAS MEDIDORAS MANGO SUAVE;5.85;20;12
22-313;SET DE 3 CUCHARAS MEDIDORAS MANGO SUAVE;4.05;20;12
22-314;SET DE UTENSILIOS Y MEDIDORES PARA HORNEAR EDICION ESPECIAL GOURMET;39.5;20;60
22-315;ESPATULA RANURADA NYLON NEGRO;5.72;20;12
22-316;CUCHARA SOLIDA DE COCINA EN NYLON NEGRO;7.95;20;12
22-317;CUCHARON SOPERO KITCHEN AID DE NYLON NEGRO;5.72;20;12
22-318;CUCHARA DE HELADO MANGO NEGRO Y CABEZA EN ACERO INOXIDABLE;7.13;20;15
22-318;CUCHARA DE HELADO MANGO NEGRO Y CABEZA EN ACERO INOXIDABLE;7.13;20;15
22-319;BALANZA DE ALIMENTO DIGITAL SUPERFICIE EN VIDRIO TEMPLADO;13.5;20;24
22-320;EDICION ESPECIAL REPOSTERO KITCHEN AID MOLDES RODILLO DE BAMBU Y BALANZA;27.9;20;48
22-321;SET DE 3 BOWL KITCHE;14.4;20;30
22-322;BALANZA DIGITAL KITCHEN AID SISTEMA DUAL PARA SOLIDOS Y HUMEDOS;19.8;20;36
222;TERMO TUNDRA DE 51 LITROS;48.51;20;84
23-101;OLLA GUISERA ANTIADHERENTE ESTANDAR;14.4;20;24
23-102;OLLA GUISERA ANTIADHERENTE MEDIANA;17.1;20;36
23-103;PAILA ANTIADHERENTE CON TAPA MEDIANA;13.5;20;24
23-104;SARTEN WOK ANTIADHERENTE CON TAPA;14.4;20;24
23-105;PAELLERA ANTIADHERENTE CON TAPA;27;20;48
23-106;JUEGO DE OLLAS ANTIADHERENTES DE 5 PIEZAS;41.4;20;72
23-107;JUEGO DE OLLAS ANTIADHERENTES DE 6 PIEZAS;57.6;20;84
23-108;JUEGO DE OLLAS ANTIADHERENTES DE 8 PIEZAS;69.3;20;108
23-109;JARRA HERVIDORA ANTIADHERENTE;8.1;20;18
23-110;OLLA COTUFERA ANTIADHERENTE CON TAPA;27;20;48
23-111;SARTEN ESTANDAR ANTIADHERENTE;6.3;20;12
23-112;SARTEN ANTIADHERENTE ALTO;10.8;20;24
23-113;SARTEN ANTIADHERENTE MEDIANO;7.2;20;18
23-114;PLANCHA ASADORA ACANALADA ANTIADHERENTE;10.8;20;24
23-115;BANDEJA RECTANGULAR ESTANDAR;6.3;20;12
23-116;MOLDE PARA POSTRES DESMONTABLE;7.2;20;18
23-117;MOLDE PARA PONQUÉ;7.2;20;18
23-118;BANDEJA PARA PIZZA RANURADA;6.3;20;12
23-119;JUEGO DE 3 BANDEJAS RECTANGULARES PARA HORNEAR;19.8;20;36
23-120;MOLDE PARA TARTALETAS;6.3;20;12
23-121;SARTEN DOBLE TORTILLERO ANTIADHERENTE;11.7;20;24
23-122;GIRASADOR CON TAPA;22.5;20;48
23-123;SARTEN ACANALADO ANTIADHERENTE;6.3;20;12
23-124;SARTEN WOK ANTIADHERENTE;11.7;20;24
23-125;JUEGO DE 3 SARTENES ANTIADHERENTES;14.4;20;36
23-126;JUEGO DE 2 SARTENES CON ESPÁTULA REMOVEDORA;10.8;20;23
23-127;PAILA ANTIADHERENTE CON TAPA;10.8;20;24
23-128;OLLA GUISERA ANTIADHERENTE CON TAPA ESTANDAR;10.8;20;24
23-129;OLLA GUISERA ANTIADHERENTE CON TAPA MEDIANA;16.2;20;36
23-130;JUEGO DE OLLAS ANTIADHERENTE DE 4 PIEZAS UTENSILIO;29.7;20;48
23-131;JUEGO DE OLLAS ANTIADHERENTE DE 5 PIEZAS CLASICO;27;20;48
23-132;JUEGO DE OLLAS ANTIADHERENTE DE 8 PIEZAS CLASICO;52.2;20;108
23-133;JUEGO DE OLLAS EN ACERO DE 5 PIEZAS CON TAPA REFRACTARIA;26.96;20;48
23-134;JUEGO DE OLLAS EN ACERO DE 7 PIEZAS CON TAPA REFRACTARIA;31.41;20;60
23-135;JUEGO DE OLLAS EN ACERO DE 9 PIEZAS CON TAPA REFRACTARIA;35.01;20;72
23-136;OLLA SANCOCHERA ALTA EN ACERO CON TAPA REFRACTARIA;21.6;20;48
23-137;OLLA SANCOCHERA BAJA EN ACERO CON TAPA REFRACTARIA;21.6;20;48
23-138;JUEGO DE OLLAS DE 12 PIEZAS EN ACERO CON TAPA REFRACTARIA;41.31;20;84
23-139;COLADOR DE CAFÉ;8.1;20;12
23-140;JUEGO DE 3 POTES DE COCINA;8.1;20;18
23-141;PAELLERA DE ALUMINIO;6.3;20;12
23-142;FABRICA DE QUESILLO 10 PIEZAS;18.9;20;36
23-143;JUEGO DE 2 TORTERAS DE ALUMINIO;12.6;20;24
23-144;JUEGO DE 2 BANDEJAS PARA PIZZA;6.3;20;18
23-145;JUEGO DE 3 MOLDES PARA HORNEAR;8.1;20;24
23-146;JUEGO REPOSTERO DE 3 PIEZAS;15.3;20;30
23-147;OLLA MULTIFUNCIÓN Y BAŃO DE MARÍA;15.3;20;30
23-148;OLLA MULTIFUNCIÓN Y COTUFERA;13.5;20;16
23-149;OLLA SANCOCHERA GRANDE;20.7;20;23
23-150;OLLA SANCOCHERA MEDIANA;15.3;20;19
23-151;JUEGO DE OLLAS DE 7 PIEZAS EN ALUMINIO;17.1;20;30
23-152;JUEGO DE OLLAS DE 9 PIEZAS EN ALUMINIO;19.8;20;36
23-153;JUEGO DE OLLAS DE 11 PIEZAS EN ALUMINIO;19.8;20;42
23-154;JUEGO DE OLLAS DE 17 PIEZAS EN ALUMINIO;36;20;60
23-155;JUEGO DE 3 CALDEROS;20.7;20;36
23-156;PLANCHA REDONDA ACANALADA EN ALUMINIO FUNDIDO;9.9;20;18
23-157;PLANCHA CUADRADA EN ALUMINIO FUNDIDO REVERSIBLE;9.9;20;18
23-158;MOLDE AREPERO EN ALUMINIO FUNDIDO;9.9;20;18
23-159;CAZUELA CLASICA Y ANTIADHERENTE ALUMINIO FUNDIDO;9.9;20;12
23-160;BUDARE ANTIADHERENTE;7.2;20;15
23-161;BUDARE Y PLANCHA ANTIADHERENTE CON ASA;11.7;20;24
23-162;BUDARE Y PLANCHA ASADORA CON ASA;8.1;20;15
23-163;BUDARE;6.3;20;12
23-164;CALDERO GRANDE CON TAPA;20.7;20;36
23-165;CALDERO GRANDE FREIDOR;16.2;20;30
23-166;BUDARE CON ASA ANTIADHERENTE ACANALADO;8.1;20;18
23-167;JUEGO DE PAILA Y SARTEN ANTIADHERENTE;9.9;20;24
23-168;JUEGO DE OLLAS PRACTICO 4 PIEZAS;18.9;20;36
23-169;JUEGO DE OLLAS 5 PIEZAS MIRRO;20.7;20;30
23-170;OLLA DE PRESIÓN SUJOYA 6 LITROS;26.96;20;48
23-171;JUEGO DE 12 PIEZAS CON BASE DE MESA;3;20;3.75
23-172;JUEGO DE 12 PIEZAS CON BASE DE PARED;3;20;3.75
23-173;JUEGO DE 6 CONDIMENTEROS CON BASE DE PARED;3;20;3.75
23-174;JUEGO DE 6 TAZAS CON JARRA;3;20;3.75
23-175;JUEGO DE COLADOR DE CAFÉ COLONIAL CON 4 TAZAS Y BASE;3;20;3.75
23-176;JUEGO DE 3 POTES DE COCINA COLONIAL;3;20;3.75
23-177;JUEGO DE CAFÉ DE 12 PIEZAS COLONIAL;3;20;3.75
23-178;JUEGO DE 4 TAZAS DE CAFÉ CON CLECHE;3;20;3.75
23-179;JUEGO DE 4 TAZAS CON BASE;3;20;3.75
23-180;JUEGO DE 6 TAZAS DE CAFÉ CON LECHE CON BASE;3;20;3.75
23-181;JUEGO DE 6 VASOS CORTOS CON JARRA;6.3;20;18
23-182;JUEGO DE 6 VASOS CORTOS DE LUJO CON HIELERA;8.1;20;24
23-183;JUEGO DE 6 VASOS CON JARRA TROPICAL;7.2;20;24
23-184;JUEGO DE JARRA CON 6 VASOS FLORAL;7.2;20;16
23-185;JUEGO DE 18 PIEZAS (CERVECERO, VINO Y AGUA);26.1;20;30
23-186;JUEGO DE 6 COPAS DE AGUA;7.2;20;12
23-187;JUEGO DE 6 COPAS DE VINO TINTO;7.2;20;12
23-188;JUEGO DE 6 VASOS CON JARRA ACANALADO ABOMBADA;7.2;20;18
23-189;JUEGO DE 4 VASOS CON JARRA ACANALADO RECTA;7.2;20;18
23-190;JUEGO DE 4 PIEZAS REFRACTARIAS;10.8;20;24
23-191;JUEGO DE 6 PIEZAS REFRACTARIAS;20.7;20;36
23-192;BANDEJA REFRACTARIA MEDIANA;9.72;20;24
23-193;JUEGO DE 2 PIEZAS REFRACTARIAS;6.3;20;12
23-194;JUEGO DE 2 PIEZAS REFRACTARIAS OVALADA;6.3;20;12
23-195;BANDEJA REFRACTARIA ESTANDAR;8.91;20;18
23-196;JUEGO DE 8 PIEZAS REFRACTARIAS;24.3;20;48
23-197;JUEGO DE 4 COPAS DE AGUA;6.3;20;8
23-198;JUEGO DE 4 VASOS CORTOS;6.3;20;8
23-199;JUEGO DE 4 COPAS DE CHAMPAŃA;6.3;20;8
23-200;JUEGO DE 4 COPAS DE VINO BLANCO;6.3;20;8
23-201;JUEGO DE 6 VASOS CORTOS DE DISEŃO;6.3;20;8
23-202;JUEGO DE VASOS 12 PIEZAS;9;20;18
23-203;JUEGO DE 10 CONDIMENTEROS CON BASE EN ACERO;20.7;20;23
23-204;JUEGO DE 3 CONSERVADORES DE VIDRIO CON TAPA;4.14;20;9
23-205;JUEGO DE 5 CONSERVADORES DE VIDRIO SIN TAPA;4.5;20;9
23-206;JUEGO DE 6 TAZAS DE CAFÉ NEGRO 12 PIEZAS;5.4;20;12
23-207;JUEGO DE 6 TAZAS PARA TÉ 12 PIEZAS;9;20;18
23-208;JUEGO DE 4 MUGS;6;20;12
23-209;JUEGO DE VAJILLA 20 PIEZAS;17.01;20;36
23-210;JUEGO DE VAJILLA ARTESANAL 12 PIEZAS;14.4;20;30
23-211;JUEGO DE VAJILLA ARTESANAL 18 PIEZAS;19.8;20;36
23-212;JUEGO DE VAJILLA ARTESANAL 16 PIEZAS;18;20;36
23-213;BATIDORA DE MANO 5 VELOCIDADES 250 WATTS;9.9;20;18
23-214;BATIDORA DE PEDESTAL 5 VELOCIDADES 250 WATTS;14.4;20;30
23-215;BATIDORA DE INMERSIÓN 3 EN 1 300 WATTS;16.2;20;30
23-216;MINI PROCESADOR DE ALIMENTOS;9;20;18
23-217;OLLA ARROCERA CON TAPA REFRACTARIA 6 TAZAS;0;20;36
23-218;SARTEN ELECTRICO Y HORNO PARA PIZZA CON TAPA REFRACTARIA;16.2;20;36
23-219;COCINA ELECTRICA 2 HORNILLAS;7.2;20;12
23-220;COCINA ELECTRICA 1 HORNILLA;5.4;20;9
23-221;ASADOR DE EMPANADAS SALUDABLE ANTIADHERENTE;9;20;15
23-222;TOSTY AREPA DE 6 CAVIDADES ANTIADHERENTE;24.3;20;48
23-223;FREIDORA DE AIRE SUJOYA 3.7 Litros;37.8;20;72
23-224;HORNO FREIDOR DE AIRE SUJOYA 22 Litros 5 en 1;61.2;20;96
23-225;SANDWICHERA 2 EN 1 (WAFLE Y SANDWICHE) ANTIADHERENTE;22.5;20;48
23-226;WAFLERA FESTIVAL DE BURBUJAS ANTIADHERENTE;22.5;20;27
23-227;LICUADORA 10 VELOCIDADES + PULSADOR VASO DE VIDRIO;20.7;20;36
23-228;LICUADORA CROMADA 3 VELOCIDADES VASO DE VIDRIO;24.3;20;48
23-229;LICUADORA PLÁSTICA CON MINI VASO PICADOR;13.5;20;24
23-230;CAFETERA DE 12 TAZAS CON FILTRO PERMANENTE;16.2;20;30
23-231;CAFETERA DE 10 TAZAS CON JARRA DE ACERO Y FILTRO PERMANENTE;18.9;20;36
23-232;JARRA HERVIDORA CON LUZ LED Y APAGADO AUTOMÁTICO;16.2;20;30
23-233;SANDWICHERA EN ACERO PRESS GRILL LISA ANTIADHERENTE;38.7;20;60
23-234;BATIDORA ESTILO PROFESIONAL ARCHITEC;105.6;20;132
23-235;HORNO TOSTADOR ESTANDAR;33.3;20;46
23-236;HORNO TOSTADOR GRANDE NEGRO;49.5;20;84
23-237;WAFLERA DOBLE ACERO INOXIDABLE;28.8;20;30
23-238;PLANCHA A VAPOR CON SUELA ANTIADHERENTE;9.86;20;18
23-239;COCINA ELECTRICA DE ACERO EN VITROCERÁMICA;25.2;20;42
23-240;PARRILLERA ELECTRICA ANTIADHERENTE;29.7;20;48
23-241;COCINA ELECTRICA 2 HORNILLAS EXTRA FUERTE ACERO;13.5;20;24
23-242;COCINA ELECTRICA 2 HORNILLAS EXTRA FUERTE;13.5;20;30
23-243;SARTEN ELECTRICO CON TAPA REFRACTARIA;19.8;20;36
23-244;PARRILLERA PRÁCTICA DOBLE DE MESA CON TABLA;4.5;20;9
23-245;JUEGO DE CUBIERTOS DE 24 PIEZAS CON BASE EN ACERO;17.5;20;36
23-246;JUEGO DE UTENSILIOS DE COCINA ANTIADHERENTE;5.4;20;12
23-247;TACO CON 6 CUCHILLOS;6.3;20;12
23-248;JUEGO DE CUBIERTOS DE 24 PIEZAS EN ACERO INOXIDABLE;14.4;20;36
23-249;COCINA ELECTRICA 1 HORNILLA;36;20;84
23-250;COCINA ELECTRICA 2 HORNILLAS;72;20;144
23-251;COCINA A GAS DE 4 HORNILLAS;48.6;20;84
23-252;COCINA A GAS 2 HORNILLAS;26.1;20;48
23-253;COCINA A GAS 1 HORNILLA;15.3;20;30
23-254;FOGÓN EXTRA FUERTE 1 HORNILLA;19.8;20;42
23-255;FOGÓN EXTRAFUERTE 2 HORNILLAS;38.7;20;72
23-256;KIT DE REPOSTERIA EN ACERO INOXIDABLE;22.5;20;36
23-257;COLADOR DE PASTA;4.5;20;12
23-258;RALLADOR DE ACERO INOXIDABLE;8.1;20;18
23-259;OLLA MULTIFUNCIÓN Y ESPAGUETERA EN ACERO INOXIDABLE;14.4;20;24
23-260;BALANZA DE ALIMENTOS DIGITAL;3.6;20;9
23-261;BALANZA DE ALIMENTOS CLÁSICA;2.7;20;6
23-262;BALANZA DE BAŃO DIGITAL;10.8;20;18
23-263;PESO ELECTRÓNICO RECARGABLE 40 KILOS;21.51;20;36
23-264;PORTA CHAMPÚ JUMBO;6;20;7.5
23-265;PORTA CHAMPÚ CLASSIC;4;20;5
23-266;PLATERA DE 3 NIVELES;12.6;20;15
23-267;PLATERA DE 2 NIVELES;9.9;20;12
23-268;ESCURRIDOR DE PLATOS CLASSIC;4.5;20;6
23-269;BATEA MULTIUSO;4.5;20;9
23-270;ESCURRIDOR DE PLATOS JUMBO;6.3;20;12
23-271;JUEGO DE 2 CUCHILLOS Y TIJERA DE COCINA CON TABLA;4.95;20;18
23-272;JUEGO DE 3 CUCHILLOS, PELADOR Y TIJERA CON TABLA;10.71;20;24
23-273;JUEGO DE 2 CUCHILLOS PELADOR CON TABLA;4.95;20;12
23-274;JUEGO DE 4 TABLAS PARRILLERAS CON ESTUCHE;9.9;20;24
23-275;PORTA ROLLO;5.4;20;12
23-276;JUEGO DE MORTERO CON RODILLO;8.1;20;18
23-277;TABLA PARA HALLACAS O EMPANADAS;9.9;20;18
23-278;TABLA  PARRILLERA CON UTENSILIOS;11.7;20;15
23-279;JUEGO DE TAZAS Y VASOS NAVIDEŃOS 12 PIEZAS;15;20;24
23-280;JUEGO DE 3 POTES DE COCINA NAVIDEŃOS CON BASE;1;20;2.5
23-281;JUEGO DE 20 PIEZAS 4 PLATOS + CUBIERTOS;19;20;36
23-282;VAJILLA NAVIDEŃA 12 PIEZAS;14;20;24
23-283;VAJILLA NAVIDEŃA 20 PIEZAS;21;20;48
23-284;VAJILLA DE MELAMINE 16 PIEZAS;12.6;20;24
23-285;VAJILLA DE MELAMINE 12 PIEZAS;9.9;20;18
23-286;VAJILLA DE MELAMINE CUADRADA 12 PIEZAS;9.9;20;18
23-287;VAJILLA DE MELAMINE CUADRADA 16 PIEZAS;12.6;20;24
23-288;VAJILLA DE SILICON INFANTIL;20.7;20;36
23-289;JUEGO DE 5 PRACTI BOLSAS DE SILICÓN HERMÉTICAS;6.3;20;9
23-290;TAZÓN DE SILICÓN + CUBIERTO;10.8;20;18
23-291;BABERO CON BOLSILLO PARA RESIDUOS;6.3;20;12
23-292;PLATO ESPECIAL DE 3 COMPARTIMIENTOS;9.9;20;18
23-293;CUCHARA Y TENEDOR DE ENTRNAMIENTO;7;20;12
23-294;JUEGO DE CUCHARAS Y TENEDOR DE SILICON;11;20;18
23-295;CUBRECAMA INDIVIDUAL DE NIŃO VARIOS DISEŃOS;19.8;20;36
23-296;JUEGO DE SÁBANAS INDIVIDUAL DE NIŃO VARIOS DISEŃOS;10.8;20;24
23-297;CUBRECAMA INDIVIDUAL DE NIŃA VARIOS DISEŃOS;13;20;36
23-298;JUEGO DE SÁBANAS INDIVIDUAL DE NIŃA VARIOS DISEŃOS;10.8;20;24
23-299;CUBRECAMA MATRIMONIAL CLASICO VARIOS DISEŃOS;23.4;20;42
23-300;JUEGO DE SABANAS MATRIMONIAL EN VARIOS DISEŃOS;12.6;20;24
23-301;CUBRECAMA MATRIMONIAL PRIMAVERA EN VARIOS DISEŃOS;23.4;20;42
23-302;JUEGO DE SABANAS MATRIMONIAL UNICOLOR;12.6;20;24
23-303;JUEGO DE 2 TOALLAS DE BAŃO;16.2;20;36
23-304;JUEGO DE 2 TOALLAS (1 MANO 1 DE BAŃO);11.7;20;24
23-305;JUEGO DE CORTINA Y ALFOMBRAS DE BAŃO;12.6;20;24
23-306;CORTINA DE BAŃO;6.3;20;12
23-307;JUEGO DE 6 TOALLAS (3 FACIALES Y 3 DE MANO);12.6;20;24
23-308;JUEGO DE 3 TOALLAS DE MANO;12.6;20;24
23-309;JUEGO DE 3 TOALLAS (1 DE BAŃO Y 2 DE MANO);16.2;20;36
23-310;JUEGO DE 5 TOALLAS (1 BAŃO, 1 DE MANO Y 3 FACIALES);16.2;20;36
23-311;JUEGO DE 6 TOALLAS FACIALES;9.9;20;18
23-312;CAVA COLEMAN 62 QT CON RUEDAS Y 4 VASOS;128;20;180
23-313;CAVA COLEMAN 52 QT CON 4 VASOS;95;20;156
23-314;SILLA PLAYERA COLEMAN;80;20;144
23-315;TUMBONA PLEGABLE COLEMAN;95;20;156
23-316;CUCHILLO CHEFF UNIBLADE;9;20;18
23-317;CUCHILLO FILETEADOR UNIBLADE;9;20;18
23-318;JUEGO DE 2 CUCHILLOS MULTIUSO UNIBLADE;12.6;20;24
23-319;JUEGO DE 2 CUCHILLOS (FILETEADOR Y SANTOKU) ESSENCE;13.5;20;24
23-320;JUEGO DE 3 CUCHILLOS ESSENCE (1 CHEFF Y 2 MULTIUSO);17.1;20;36
23-321;JUEGO DE 2 CUCHILLOS RESA CHEF Y FILETEADOR;13.5;20;24
23-322;JUEGO DE 3 CUCHILLOS RESA (SANTOKU Y MULTIUSO);17.1;20;36
23-323;JUEGO DE 5 POTES DE COCINA TAPA CROMADA;6.3;20;12
23-324;JUEGO DE 3 POTES MULTIUSO;3.6;20;9
23-325;JUEGO DE 7 POTES MULTIUSO;6.3;20;12
23-326;JUEGO DE 18 CONSERVADORES CON TAPA;10.8;20;24
23-327;JUEGO DE 4 CONSERVADORES CON TAPA Y JARRA;6.3;20;12
23-328;JUEGO DE 3 CONSERVADORES REDONDOS CON 4 VASOS;6.3;20;12
23-329;JUEGO DE 3 CONSERVADORES CUADRADOS CON TAPA HERMÉTICA;6.3;20;12
23-330;JUEGO DE 6 CONSERVADORES CUADRADOS CON TAPA;6.3;20;12
23-331;JUEGO DE 3 CONSERVADORES RECTANGULARES CON VASOS;4.5;20;9
23-332;JUEGO DE 5 CONSERVADORES REDONDOS CON TAPA HERMÉTICA;6.3;20;12
23-333;CARRITO VERDURERO 3 NIVELES;8.1;20;18
23-334;SET DE LIMPIEZA MOPA DE MICROFIBRA CON TOBO;13.5;20;24
23-335;SET TODO PARA TU JARDIN;6.3;20;8
23-336;JUEGO DE 12 VASOS CON JARRA;9.9;20;18
23-337;MALETA GRANDE VARIOS COLORES CON ASA Y RUEDAS;44.1;20;84
23-338;MALETA MEDIANA VARIOS COLORES CON ASA Y RUEDAS;35.1;20;72
23-339;MALETA PEQUEŃA VARIOS COLORES CON ASA Y RUEDAS;26.1;20;60
23-340;LONCHERA + CONSERVADOR GRANDE Y PEQUEŃO;8.1;20;12
23-341;LONCHERA + 2 CONSERVADORES CUADRADOS;7.2;20;12
23-342;NECESER ORGANIZADOR MEDIANO;8.1;20;18
23-343;NECESER ORGANIZADOR GRANDE;10.8;20;15
23-344;TERMO 1.25 LITROS;4.5;20;9
23-345;TERMO DE 2.5 LITROS;6.3;20;12
23-346;TERMO DE 7.5 LITROS;11.7;20;15
23-347;COMBO PLAYERO DE TERMO 1.25 LITROS + 4 VASOS;6.3;20;12
23-348;COMBO VIAJERO (TERMO 1.25 L + TERMO DE 2.5 L);9.9;20;24
23-349;TERMO DE 22 LITROS;30.6;20;48
23-350;TERMO DE 51 LITROS INCLUYE 4 VASOS;43.2;20;72
23-351;CAVA DELUXE DE 8 LITROS INCLUYE 2 VASOS;18;20;30
23-352;CAVA DELUXE DE 20 LITROS INCLUYE 2 VASOS;30.6;20;48
23-353;CAVA DELUXE DE 41 LITROS CON RUEDAS Y ASA INCLUYE 4 VASOS;58.5;20;96
23-354;CAVA CLASSIC DE 60 LITROS Y 4 VASOS;58.5;20;96
23-355;CAVA CLASSIC DE 30 LITROS Y 4 VASOS;35.55;20;72
23-356;CAVA CLASSIC DE 14 LITROS Y 4 VASOS;19.8;20;36
23-357;CAVA CAIMAN CON RUEDAS DE 50 LITROS CON 4 VASOS;67.5;20;108
23-358;RELOJ INTELIGENTE SMARTWACHT BLUETOOTH;13.5;20;24
23-359;RELOJ INTELIGENTE SMARTWACHT BLUETOOTH;13.5;20;24
23-360;AUDIFONOS INALAMBRICOS BLUETOOTH;13.5;20;24
23-361;CORNETA INALÁMBRICA BLUETOOTH;13.5;20;24
230148-Z174;SET DE CUBIERTOS 16PZAS DE LUXE;9;20;15
231;BATIDOR CLASICO ROJO;5;20;15
245;PINZAS DE ACERO C/PUNTA DE SILICONA;12;20;30
249;ABRIDOIR DE LATAS KITCHE;15;20;36
251;SET DE CUCHILLOS CON 14 PZ KITCHEN AID CON BASE BAMBU;76;20;144
252;SET DE CUCHILLOS CON 16 PZ KITCHEN AID CON BASE REMACHE;99;20;156
253;"JUEGO DE SARTENES TWIN PACK 10"" 12"" ROJO ANTIADHERENTE";58;20;108
254;JUEGO DE OLLAS KITCHEN AID  ANTIADHERENTE T/VIDRIO ROJO 10 PZ ASA ACERO;157;20;264
255;PROCESADOR DE ALIMENTOS 5 TAZAS BLANCOMATE;53;20;96
256;PROCESADOR DE ALIMENTOS 7 TAZAS BLANCOMATE;108;20;156
257;BATIDORA DE INMERSION KITCHENAID;48;20;96
258;BATIDORA KITCHENAID 5 VELOCIDADES;49;20;84
259;LICUADORA PANDORA TRITURA HIELO K150 VASO DE VIDRIO 48OZ (1.4LTS) ROJO;116;20;192
259;LICUADORA PANDORA TRITURA HIELO K150 VASO DE VIDRIO 48OZ (1.4LTS) BLANCA;116;20;192
259;LICUADORA PANDORA TRITURA HIELO K150 VASO DE VIDRIO 48OZ (1.4LTS) NEGRO ONIX;116;20;192
259;LICUADORA PANDORA TRITURA HIELO K150 VASO DE VIDRIO 48OZ (1.4LTS) BLANCA;116;20;192
260;BATIDORA ARTISAN KITCHENAID 5 QT;332.1;20;576
34074;HORNO TOSTADOR;23.54;20;37
343;PARRILLERA HAMBUEGUER;13.5;20;19.9
345;"PARRILLERA MANZANA 14""";21.6;20;29.9
371202;MAQUINA DE COTUFA SUJOYA;22.5;20;30
392;SET  DE 3 CUCHILLOS FRUTEROS;0;20;0
4624;OLLA DE PRESION PANELUX DE 4.5 LITROS;18;20;25
CAT -23;CATALOGO NOVEDADES  -2023;2;20;2.5
CAT-2022-B;CARTON CATALOGO;0.15;20;1
EKCO-8;OLLA DE PRESION EKCO DE 8 LITROS;27;20;39
MGF-3510;EXTRACTOR DE JUGO MAGEFESA;27;20;40
OLLAS-8;JUEGO DE OLLAS DE 8PZAS ACERO TAPA/VIDRIO;27;20;45
SET-CASEROLA;COMBO SARTEN CASEROLA;0;20;0
SJY12-R;JUEGO DE OLLA DE ACERO C T/VIDRIO 12 PZAS;27;20;45
ST -CASEROLA;COMBO SARTEN CASEROLA;9;20;20
TORTERA-GRAND T-156;TORTERA GRANDE PANELUX;1.8;20;5
VAJ-12A;VAJILLA ARTESANAL 12PZ NEGRA CON BLANCO;14.36;20;19.99
VAJ-12B;VAJILLA ARTESANAL 12PZ BANCA;14.36;20;19.99
VAJ-16C;VAJILLA ARTESANAL  16PZ PLATOS CUADRADO BLANCO;20.17;20;29.99
24-101;SARTEN ESTANDAR ACERO CARBONO;7;25;18
24-102;SARTEN GRANDE EN ACERO CARBONO;8;25;24
24-103;PLANCHA ACANALADA EN ACERO CARBONO;11;20;18
24-104;AREPERA MULTIUSO EN ACERO CARBONO;9;25;18
24-105;SARTEN WOK EN ACERO CARBONO;11;25;24
24-106;OLLA GUISERA GRANDE EN ACERO CARBONO;18;25;36
24-107;JUEGO DE OLLAS EN ACERO CARBONO 5 PZS;36;20;48
24-108;JUEGO DE OLLAS EN ACERO CARBONO 4 PZS;36;20;48
24-109;JUEGO DE OLLAS EN ACERO CARBONO 7 PZS;49;20;84
24-110;JUEGO DE OLLAS EN ACERO CARBONO 9 PZS;58;20;96
24-111;SARTEN WOK MARTILLADO;11;20;18
24-112;SARTEN ESTANDAR MARTILLADO;10;25;18
24-113;ROSTER ASADOR CON TAPA;16;25;36
24-114;PAELLERA GRANDE EN ACERO CARBONO;11;20;18
24-115;JUEGO DE 3 SARTENES ANTIADHERENTE;18;25;36
24-116;BANDEJA RETANGULAR ANTIADHERENTE;7;25;12
24-117;PLANCHA ASADORA ANTIADHERENTE;11;20;18
24-118;PLANCHA ASADORA ANTIADHERENTE GRANDE;13;20;24
24-119;PAILA ANTIADHERENTE CON TAPA ESTANDAR;11;20;18
24-120;PAILA ANTIADHERENTE CON TAPA MEDIANA;14;20;24
24-121;OLLA GUISERA ESTANDAR CON TAPA;14;20;24
24-122;OLLA GUISERA MEDIANA CON TAPA;17;20;30
24-123;OLLA GUISERA GRANDE CON TAPA;19;20;36
24-124;RALLADOR EN ACERO 6 CARAS;6;30;15
24-125;RALLADOR EN ACERO 4 CARAS;5;30;12
24-126;COLADOR EN ACERO;6;30;12
24-127;TETERA O JARRA HERVIDORA EN ACERO;14;20;24
24-128;OLLA GUISERA CON TAPA EN ACERO;19;25;36
24-129;JUEGO DE 2 OLLAS EN ACERO CON TAPA;28;20;36
24-130;JUEGO DE 3 OLLAS GUISERAS EN ACERO CON TAPA;36;25;60
24-131;OLLA SANCOCHERA BAJA EN ACERO CON TAPA REFRACTARIA;24;25;48
24-132;OLLA SANCOCHERA ALTA EN ACERO CON TAPA REFRACTARIA;24;25;48
24-133;JUEGO DE OLLAS EN ACERO CON TAPA REFRACTARIA 5 PZS;23;25;48
24-134;JUEGO DE OLLAS EN ACERO CON TAPA REFRACTARIA 7 PZS;32;25;60
24-135;JUEGO DE OLLAS EN ACERO CON TAPA REFRACTARIA 9 PZS;38;25;72
24-136;SARTEN GRANDE EN HIERRO CURADO;11;25;24
24-137;JUEGO DE 2 SARTENES EXTRA FUERTES EN HIERRO CURADO;15;20;30
24-138;PLANCHA REVERSIBLE EXTRA FUERTE EN HIERRO CURADO;16;20;30
24-139;BUDARE EXTRA FUERTE EN HIERRO CURADO;16;20;24
24-140;OLLA DE PRESION SUJOYA 6 LITROS 1 TAPA;28;25;48
24-141;OLLA DE PRESION SUJOYA 8 LITROS CON 2 TAPAS;35;25;72
24-142;OLLA DE PRESION SUJOYA 6 LITROS CON 2 TAPAS;38;25;60
24-143;JUEGO DE 3 POTES DE COCINA;9;25;18
24-144;FABRICA DE QUESILLO 10 PIEZAS;23;20;36
24-145;JUEGO DE 2 TORTERAS ;14;20;24
24-146;JUEGO DE OLLAS EN ALUMINIO 9 PIEZAS;19;25;36
24-147;JUEGO DE OLLAS EN ALUMINIO 7 PIEZAS;17;25;30
24-148;PAELLERA EN ALUMINIO;6;30;18
24-149;JUEGO DE 2 BANDEJAS PARA PIZZA;7;30;18
24-150;BANDEJA DE ALUMINIO;4;30;12
24-151;JUEGO DE OLLAS EN ALUMINIO 11 PIEZAS;22;25;42
24-152;JUEGO DE OLLAS EN ALUMINIO 17 PIEZAS;40;20;60
24-153;JUEGO DE 3 CALDEROS CON TAPA;23;20;36
24-154;JUEGO DE 2 CALDEROS CON TAPA;17;20;24
24-155;GIRASADOR EN ACERO INOXIDABLE;18;20;30
24-156;PLANCHA ACANALADA EN ALUMINIO FUNDIDO;10;25;18
24-157;MOLDE AREPERO EN ALUMINIO FUNDIDO;10;25;18
24-158;BUDARE;7;25;12
24-159;BUDARE Y PLANCHA ASADORA CON MANGO;9;20;15
24-160;BUDARE Y PLANCHA ANTIADHERENTE CON MANGO;14;20;24
24-161;BUDARE ANTIADHERENTE;9;25;18
24-162;CALDERO PARA GUISAR;16;20;30
24-163;PAILA EXTRA FUERTE ANTIADHERENTE CON MANGO;14;20;24
24-164;BANDEJA CON MOLDE PARA BROWNIE;24;20;42
24-165;BANDEJA PARA HORNEAR;6;30;18
24-166;BANDEJA CUADRADA;5;30;12
24-167;MOLDE PARA PONQUE;8;30;18
24-168;BANDEJA PARA DONAS 12 CAVIDADES;9;25;18
24-169;BANDEJA PARA DONAS 6 CAVIDADES;8;25;15
24-170;MOLDE PARA PONQUE ESTANDAR;6;30;15
24-171;MOLDE PARA POSTRES MEDIANO;6;30;18
24-172;MOLDE DESMONTABLE PARA POSTRE 2 PIEZAS;8;30;18
24-173;MOLDE PARA POSTRE DESMONTABLE;7;30;15
24-174;BANDEJA PARA PIZZA RANURADA;7;30;12
24-175;MOLDE PARA PONQUE Y QUESILLO;17;20;30
24-176;MOLDE PARA TORTA O PONQUE;10;25;18
24-177;TORTERA REDONDA;9;25;15
24-178;JUEGO DE 2 QUESILLERAS CON TAPA;11;20;18
24-179;BANDEJA REDONDA PARA HORNEAR;10;25;18
24-180;BANDEJA PARA HORNEAR;8;25;15
24-181;BANDEJA RETANGULAR ;6;30;12
24-182;JUEGO DE OLLAS ALTAS EN ALUMINIO 6 PIEZAS;32;20;54
24-183;JUEGO DE OLLAS EN ALUMINIO 10 PIEZAS BAJAS;24;20;42
24-184;JUEGO DE OLLA CON PAILA 4 PIEZAS;13;20;24
24-185;JUEGO DE OLLA CON PAILA 3 PIEZAS;14;20;24
24-186;JUEGO DE 6 COPAS DE LUJO SUJOYA;10;25;18
24-187;JUEGO DE 6 COPAS DE LUJO SUJOYA;10;25;18
24-188;JUEGO DE 6 VASOS CORTOS DE LUJO SUJOYA;9;25;15
24-189;JUEGO DE 6 VASOS LARGOS DE LUJO SUJOYA;10;25;18
24-190;JUEGO DE 6 VASOS LARGOS DE LUJO SUJOYA;10;25;18
24-191;JUEGO DE 6 DULCERAS DE LUJO SUJOYA;6;30;15
24-192;JUEGO DE 5 POTES DE COCINA CON 4 PIEZAS REFRACTARIAS;17;20;30
24-193;JUEGO DE 5 POTES DE COCINA;12;20;24
24-194;JUEGO DE 4 POTES DE COCINA;8;30;18
24-195;JUEGO DE 3 POTES DE COCINA CON 2 PIEZAS REFRACTARIAS;10;25;18
24-196;JUEGO DE 3 POTES DE COCINA CON 2 PIEZAS REFRACTARIAS;11;25;18
24-197;JUEGO DE 3 PIEZAS REFRACTARIAS;14;20;24
24-198;JUEGO DE 6 PIEZAS REFRACTARIAS;20;20;36
24-199;JUEGO DE 8 PIEZAS REFRACTARIAS;22;30;48
24-200;BANDEJA REFRACTARIA REDONDA;11;20;18
24-201;BANDEJA REFRACTARIA PEQUEŃA;10;25;15
24-202;BANDEJA REFRACTARIA FAMILIAR;12;30;27
24-203;BANDEJA REFRACTARIA PARA POSTRES;6;30;12
24-204;BANDEJA REFRACTARIA GRANDE;11;30;24
24-205;BANDEJA REFRACTARIA MEDIANA;9;25;18
24-206;JUEGO DE 12 VASOS;;30;18
24-207;JUEGO DE 8 VASOS TIPO MUGS;;30;15
24-208;JUEGO DE 8 VASOS TIPO MUGS;;30;15
24-209;JUEGO DE 6 VASOS CON JARRA VARIOS DISEŃOS;;30;18
24-210;JUEGO DE 12 VASOS;;30;18
24-211;JUEGO DE TIZANERA 27 PIEZAS;;20;24
24-212;JUEGO DE ENSALADERA 7 PIEZAS;;30;18
24-213;JUEGO DE 3 CONSERVADORES DE VIDRIO CON TAPA;;30;12
24-214;JUEGO DE 6 VASOS CON JARRA VARIOS DISEŃOS;;30;18
24-215;JUEGO DE DULCERAS 7 PIEZAS;;30;18
24-216;JUEGO DE VAJILLA 16 PIEZAS EN VARIOS DISEŃOS;;25;36
24-217;JUEGO DE VAJILLA 20 PIEZAS EN VARIOS DISEŃOS;;20;42
24-218;JUEGO DE VAJILLAS 30 PIEZAS EN VARIOS DISEŃOS;;20;48
24-219;JUEGO DE VAJILLAS 17 PIEZAS;;25;36
24-220;JUEGO DE VAJILLAS 21 PIEZAS;;20;42
24-221;JUEGO DE VAJILLAS 31 PIEZAS;;25;54
24-222;CAFETERA GRECA 6 TAZAS;;30;18
24-223;CAFETERA GRECA 9 TAZAS;;30;24
24-224;TERMO DE LUJO;;20;18
24-225;JUEGO DE VAJILLA ARTESANAL 12 PIEZAS VARIOS DISEŃOS;;20;30
24-226;JUEGO DE VAJILLA ARTESANAL 16 PIEZAS VARIOS DISEŃOS;;20;36
24-227;JUEGO DE VAJILLA ARTESANAL 18 PIEZAS VARIOS DISEŃOS;;20;36
24-228;PORTA ROLLO DE PARED CON 5 CONDIMENTEROS;;20;24
24-229;JUEGO DE 5 CONDIMENTEROS CON BASE DE ACERO;;20;24
24-230;JUEGO DE 4 MUGS;;30;12
24-231;JUEGO DE 6 TAZAS PARA CAFÉ CON LECHE 12 PIEZAS;;25;18
24-232;JUEGO DE 6 TAZAS PARA CAFÉ NEGRO 12 PIEZAS;;30;12
24-233;ASADOR DE AREPAS 4 CAVIDADES;;20;36
24-234;ASADOR DE AREPAS 6 CAVIDADES;;25;48
24-235;SANDWICHERA 2 EN 1 ANTIADHERENTE (WAFLE Y SANDWICH);;30;48
24-236;SANDWICHERA GRANDE EN ACERO MOD PRESS GRILL LISA;;20;60
24-237;SANDWICHERA ANTIADHERENTE LISA APERTURA 180°;;20;54
24-238;PLANCHA ASADORA ELECTRICA GRILL SUJOYA;;25;42
24-239;LICUADORA CROMADA 3 VELOCIDADES VASO DE VIDRIO;;20;48
24-240;LICUADORA PLASTICA CON MINI VASO PICADOR;;20;24
24-241;LICUADORA DE 10 VELOCIDADES + PULSADOR VASO DE VIDRIO;;20;36
24-242;EXTRACTOR DE JUGO SUJOYA;;20;48
24-243;CAFETERA DE 12 TAZAS CON FILTRO PERMANENTE;;20;30
24-244;CAFETERA DE 10 TAZAS CON JARRA DE ACERO Y FILTRO PERMANENTE;;20;36
24-245;MOLINO ELECTRICO PARA CAFÉ O ESPECIAS;;25;30
24-246;JARRA HERVIDORA CON LUZ LED  Y APAGADO AUTOMATICO;;20;30
24-247;PROCESADOR DE ALIMENTOS MULTIUSO ARCHITECT BY SUJOYA;;20;84
24-248;MINI PROCESADOR DE ALIMENTOS;;20;24
24-249;OLLA ARROCERA Y VAPORERA CON TAPA REFRACTARIA 10 TAZAS;;20;48
24-250;OLLA ARROCERA Y VAPORERA CON TAPA REFRACTARIA 6 TAZAS;;20;36
24-251;SARTEN ELECTRICO Y HORNO PARA PIZZA CON TAPA REFRACTARIA;;20;36
24-252;HORNO FREIDOR DE AIRE 5 EN 1 SUJOYA;;20;96
24-253;BATIDORA ESTILO PROFESIONAL ARCHITEC BY SUJOYA;;20;144
24-254;FREIDORA DE AIRE SUJOYA ;;20;72
24-255;BATIDORA DE MANO 5 VELOCIDADES 250 WATTS;;30;24
24-256;BATIDORA DE PEDESTAL DE 5 VELOCIDADES 250 WATTS;;20;30
24-257;BATIDORA DE INMERSION 3 EN 1 300W SUJOYA;;20;30
24-258;BUDARE ELECTRICO Y CREPERA SUJOYA;;20;36
24-259;PLANCHA DE VAPOR SUJOYA;;20;24
24-260;PLANCHA EN SECO SUJOYA;;30;24
24-261;PLANCHA DE VAPOR ARCHITECT BY SUJOYA;;20;30
24-262;FONDUE VARIOS COMPARTIMIENTOS;;20;30
24-263;ALGODONERA DE AZUCAR;;20;36
24-264;DONUTS MAKER/ MAQUINA PARA DONAS;;20;30
24-265;COTUFERA ;;20;24
24-266;COCINA ELECTRICA 1 HORNILLA;;25;84
24-267;COCINA ELECTRICA 2 HORNILLAS;;25;120
24-268;COCINA A GAS 4 HORNILLAS;;20;84
24-269;COCINA A GAS 2 HORNILLAS;;20;48
24-270;COCINA A GAS 1 HORNILLA;;20;30
24-271;FOGON EXTRA FUERTE 1 HORNILLA;;20;42
24-272;FOGON EXTRA FUERTE 2 HORNILLAS;;20;72
24-273;JUEGO DE CUCHILLOS DE 3 PIEZAS CON TABLA;;30;12
24-274;JUEGO DE CUCHILLOS 5 PIEZAS CON TABLA;;25;18
24-275;JUEGO DE CUCHILLOS DE 3 PIEZAS CON TABLA;;30;12
24-276;COCINA ELECTRICA 2 HORNILLAS;;20;12
24-277;COCINA A GAS 2 HORNILLAS CON TAPA;;20;30
24-278;COCINA A GAS 4 HORNILLAS CON TAPA;;20;48
24-279;COCINA A GAS 4 HORNILLAS CON BASE TIPO ESTANTE;;20;96
24-280;VAJILLA DE MELAMINE 16 PIEZAS;;20;24
24-281;VAJILLA DE MELAMINE 12 PIEZAS;;20;18
24-282;VAJILLA DE MELAMINE CUADRADA 12 PIEZAS;;20;18
24-283;VAJILLA DE MELAMINE CUADRADA 16 PIEZAS;;20;24
24-284;JUEGO DE SOPERA CON ESCUDILLAS DE MELAMINE;;25;18
24-285;JUEGO DE ENSALADERA DE MELAMINE;;25;18
24-286;VAJILLA DE MELAMINE CUADRADA 20 PIEZAS;;20;30
24-287;VAJILLA DE MELAMINE CUADRADA 30 PIEZAS;;20;36
24-288;JUEGO DE 3 POTES DE COCINA;;25;36
24-289;TABLA PARRILLERA CON UTENSILIOS;;25;18
24-290;TABLA PARA HALLACAS O EMPANADAS;;20;18
24-291;JUEGO DE UTENSILIOS DE COCINA CON BASE;;30;12
24-292;PORTA TAZAS INCLUYE 4 MUGS;;25;18
24-293;JUEGO DE COCINA RODILLO PORTA ROLLO MORTERO;;25;18
24-294;PANERA;;25;36
24-295;JUEGO DE 2 CUCHILLOS  CHEFF Y FILETEADOR;;20;24
24-296;JUEGO DE 3 CUCHILLOS MULTIUSOS;;20;36
24-297;JUEGO DE 3 CUCHILLOS CHEFF Y MULTIUSOS;;20;36
24-298;JUEGO DE CUCHILLOS CON TACO;;20;24
24-299;JUEGO DE CUBIERTOS DE 24 PIEZAS CON BASE EN ACERO;;20;36
24-300;JUEGO DE UTENSILIOS DE COCINA ANTIADHERENTE;;30;12
24-301;JUEGO DE CUBIERTOS DE 16 PIEZAS EN ACERO;;20;24
24-302;JUEGO DE CUBIERTOS DE 24 PIEZAS EN ACERO;;30;36
24-303;JUEGO DE CUBIERTOS DORADOS SUJOYA 24 PIEZAS;;25;60
24-304;NICER DICER (REBANA, PICA,CORTA Y MAS);;20;30
24-305;PICATODO MULTIUSOS;;20;24
24-306;BALANZA DE ALIMENTOS DIGITAL;;30;9
24-307;BALANZA DE ALIMENTOS CLASICA;;25;6
24-308;BALANZA DE BAŃO CAPACIDAD 180 KG;;20;18
24-309;PESO ELECTRONICO 40 KILOS RECARGABLE;;20;36
24-310;PORTA CHAMPU CLASSIC;;20;18
24-311;PORTA CHAMPU JUMBO;;20;24
24-312;EXPRIMIDOR DE JUGO EN ACERO;;20;54
24-313;ESCURRIDOR DE PLATOS;;20;18
24-314;PLATERA 2 NIVELES CLASSIC;;20;24
24-315;PLATERA 2 NIVELES JUMBO;;20;30
24-316;GAVETERO ORGANIZADOR 3  NIVELES;;20;36
24-317;ESCALERA METALICA 3 NIVELES PLEGABLE;;20;48
24-318;SET DE LIMPIEZA MOPA DE MICROFIBRA CON TOBO;;20;24
24-319;BASE PARA BOTELLAS CON GRIFO;;25;24
24-320;MESA DE PLANCHAR;;20;48
24-321;PERCHERO DE PUERTAS;;25;18
24-322;GANCHOS PARA ROPA ANTIRESBALANTES SET DE 25 UNIDADES;;20;30
24-323;TENDEDERO DE ROPA PORTATIL;;20;30
24-324;ORGANIZADOR DE CLOSET CON ZAPATERA;;25;18
24-325;PERCHERO VERTICAL;;25;24
24-326;ORGANIZADOR DE CALZADO 4 NIVELES;;25;18
24-327;MESA MULTIUSOS PLEGABLE;;25;18
24-328;CUBRECAMA INDIVIDUAL PARA NIŃA;;20;36
24-329;JUEGO DE SABANAS INDIVIDUAL PARA NIŃAS;;25;24
24-330;CUBRECAMA INDIVIDUAL PARA NIŃOS;;20;36
24-331;JUEGO DE SABANAS INDIVIDUAL PARA NIŃOS;;25;24
24-332;COBIJA MATRIMONIAL REVERSIBLE;;20;30
24-333;CUBRECAMA MATRIMONIAL CLASICO VARIOS DISEŃOS;;20;42
24-334;JUEGO DE SABANAS MATRIMONIAL UNICOLOR;;20;24
24-335;CUBRECAMA MATRIMONIAL PRIMAVERA VARIOS DISEŃOS;;20;42
24-336;JUEGO DE SABANAS MATRIMONIAL UNICOLOR;;20;24
24-337;HAMACA MULTICOLOR ;;25;24
24-338;JUEGO DE CORTINA  Y ALFOMBRA DE BAŃO;;20;24
24-339;CORTINA DE BAŃO;;30;12
24-340;JUEGO DE 5 TOALLAS (1 MANO, 1  BAŃO Y 3 FACIALES);;20;30
24-341;JUEGO DE 6 TOALLAS FACIALES;;25;18
24-342;JUEGO DE 3 TOALLAS DE MANO;;25;18
24-343;JUEGO DE 6 TOALLAS (3 FACIALES Y 3 DE MANO);;20;24
24-344;JUEGO DE 3 TOALLAS (1 DE BAŃO Y 2 DE MANO);;20;30
24-345;JUEGO DE 2 TOALLAS DE BAŃO;;20;30
24-346;JUEGO DE 2 TOALLAS ( 1 DE MANO Y 1 DE BAŃO);;20;24
24-347;JUEGO DE JARRA COSERVADORES Y VASOS 18 PIEZAS;;30;30
24-348;JUEGO DE 12 VASOS CON JARRA;;25;18
24-349;JUEGO DE 6 CONSERVADORES CUADRADOS CON TAPA;;30;12
24-350;JUEGO DE 3 CONSERVADORES REDONDOS CON 4 VASOS;;30;12
24-351;JUEGO DE 3 CONSERVADORES RETANGULARES CON 4 VASOS;;30;12
24-352;JUEGO DE 18 CONSERVADORES CON TAPA;;20;24
24-353;JUEGO DE 5 POTES DE COCINA;;25;15
24-354;JUEGO DE 3 POTES MULTIUSO;;30;9
24-355;JUEGO DE 3 CONSERVADORES CON TAPA HERMETICA;;25;15
24-356;JUEGO DE 5 CONSERVADORES REDONDOS CON TAPA HERMETICA;;25;15
24-357;JUEGO DE 7 POTES MULTIUSO;;20;12
24-358;JUEGO DE RADIO WALKIE TALKIE PARA NIŃOS;;30;12
24-359;BABERO DE SILICON CON BOLSILLO PARA RESIDUOS;;30;12
24-360;VAJILLA INFANTIL DE MELAMINE 3 PIEZAS;;30;12
24-361;VAJILLA DE SILICON INFANTIL 5 PIEZAS ADHERIBLES;;20;36
24-362;PLATO ADHERIBLE 3 COMPARTIMIENTOS;;20;18
24-363;CUCHARA Y TENEDOR DE ENTRENAMIENTO;;30;12
24-364;TAZON DE SILICON ADHERIBLE + CUBIERTO;;20;18
24-365;JUEGO DE CUCHARAS Y TENEDORES DE SILICON;;20;18
24-366;MALETA GRANDE CON ASA Y RUEDAS;;20;84
24-367;MALETA MEDIANA CON ASA Y RUEDAS;;20;72
24-368;MALETA PEQUEŃA CON ASA Y RUEDAS;;25;60
24-369;CONSERVADOR PARA ALMUERZOS CON CUBIERTOS Y TAPA HERMETICA;;30;12
24-370;NECESER ORGANIZADOR CON TAPA HERMETICA;;25;18
24-371;PORTA VIANDA TERMICA CON 4 CONSERVADORES DE ACERO;;25;24
24-372;LONCHERA + 2 CONSERVADORES CON TAPA HERMETICA;;30;12
24-373;BAŃERA INFANTIL;;25;15
24-374;BATEA MULTIUSOS;;20;9
24-375;SET DE JARDINERIA;;25;12
24-376;MANGUERA DE 15 METROS;;20;24
24-377;CARRITO VERDURERO 3 NIVELES;;25;15
24-378;CESTA DE ROPA CON TAPA;;20;24
24-379;CARRITO CON RUEDAS Y ASA MULTIUSO;;20;27
24-380;ESCURRIDOR DE PLATOS CLASSIC;;25;9
24-381;ESCURRIDOR DE PLATOS JUMBO;;25;12
24-382;PAPELERA DE PEDAL GRANDE;;20;36
24-383;PAPELERA DE PEDAL MEDIANA;;20;30
24-384;TANQUE DE AGUA 320 LITROS;;20;96
24-385;TANQUE DE AGUA 600 LITROS;;20;132
24-386;PAPELERA CON TAPA VAIVEN GRANDE;;25;15
24-387;PAPELERA CON TAPA VAIVEN PEQUEŃA;;30;12
24-388;CARRITO MONTABLE;;20;36
24-389;CARRITO MONTABLE;;20;42
24-390;CARRITO MONTABLE;;20;36
24-391;VASENILLA Y CARRITO MONTABLE;;20;30
24-392;VASENILLA MUSICAL;;20;36
24-393;ALFOMBRA DE FOAMI;;25;30
24-394;DIDACTICO PIANO PATADITAS;;20;30
24-395;ALFOMBRA TIPO CERCA DE EJERCICIOS;;20;24
24-396;BOMBA PARA INFLABLES;;30;12
24-397;CHALECO SALVAVIDAS;;30;15
24-398;SALVAVIDAS INFLABLE VARIOS DISEŃOS;;20;24
24-399;PUFF INFLABLE;;25;18
24-400;PISCINA INFLABLE GRANDE;;25;24
24-401;PISCINA INFLABLE + SALVAVIDAS Y PELOTA;;25;24
24-402;SOMBRILLA DE PLAYA VARIOS DISEŃOS;;20;42
24-403;SILLA PLEGABLE TUNDRA CLASSIC;;20;30
24-404;SILLA PLEGABLE TUNDRA DELUXE;;20;48
24-405;TUMBONA PLEGABLE TUNDRA;;20;72
24-406;TOLDO CUADRADO TUNDRA;;20;132
24-407;SILLA PLAYERA PLEGABLE;;25;30
24-408;MESA CUADRADA MULTIUSOS PLEGABLE;;20;60
24-409;CARRITO MULTIUSOS PLEGABLE CON RUEDAS;;20;108
24-410;CAVA CLASSIC DE 60 LITROS CON 4 VASOS;;20;96
24-411;CAVA CAIMAN CON RUEDAS DE 50 LITROS CON 4 VASOS;;20;108
24-412;CAVA DELUXE CON RUEDAS 41 LITROS CON ASA TIPO MALETA;;20;96
24-413;TERMO TUNDRA DE 51 LITROS INCLUYE 4 VASOS;;20;72
24-414;TERMO TUNDRA DE 22 LITROS INCLUYE 4 VASOS;;20;48
24-415;TERMO TUNDRA DE 2,5 LITROS INCLUYE 4 VASOS;;25;15
24-416;CAVA DELUXE DE 20 LITROS INCLUYE 4 VASOS;;20;48
24-417;CAVA DELUXE DE 8 LITROS INCLUYE 4 VASOS;;20;30
24-418;CAVA CLASSIC DE 14 LITROS INCLUYE 4 VASOS;;20;36
24-419;CAVA CLASSIC DE 30 LITROS INCLUYE 4 VASOS;;20;72
24-420;RELOJ INTELIGENTE SMART WATCH;;20;24
24-421;RELOJ INTELIGENTE SMART  WACHT ;;25;24
24-422;CORNETA INALAMBRICA CON BLUETOOTH;;25;24
24-423;AUDIFONOS INALAMBRICOS CON BLUETOOTH;;25;24
